Group,Opt. Flag,NThreads,Loop,BCO,Identifier,Metric,Sum,Min,Max,Avg,
L3,O1,2,ikj,1024,L3_O1_P2_ikj_bco_1024,Runtime (RDTSC) [s] STAT,19.5592,4.8898,4.8898,4.8898,
L3,O1,2,ijk,16,L3_O1_P2_ijk_bco_16,Runtime (RDTSC) [s] STAT,243.1048,60.7762,60.7762,60.7762,
L3,O1,2,jik,1024,L3_O1_P2_jik_bco_1024,Runtime (RDTSC) [s] STAT,59.4384,14.8596,14.8596,14.8596,
L3,O1,2,jik,0,L3_O1_P2_jik,Runtime (RDTSC) [s] STAT,171.8728,42.9682,42.9682,42.9682,
L3,O1,2,ikj,32,L3_O1_P2_ikj_bco_32,Runtime (RDTSC) [s] STAT,126.7856,31.6964,31.6964,31.6964,
L3,O1,2,ikj,64,L3_O1_P2_ikj_bco_64,Runtime (RDTSC) [s] STAT,72.2876,18.0719,18.0719,18.0719,
L3,O1,2,kji,512,L3_O1_P2_kji_bco_512,Runtime (RDTSC) [s] STAT,101.0320,25.2580,25.2580,25.2580,
L3,O1,2,jik,2048,L3_O1_P2_jik_bco_2048,Runtime (RDTSC) [s] STAT,161.0844,40.2711,40.2711,40.2711,
L3,O1,2,kji,128,L3_O1_P2_kji_bco_128,Runtime (RDTSC) [s] STAT,66.9660,16.7415,16.7415,16.7415,
L3,O1,2,ijk,256,L3_O1_P2_ijk_bco_256,Runtime (RDTSC) [s] STAT,56.7596,14.1899,14.1899,14.1899,
L3,O1,2,jki,16,L3_O1_P2_jki_bco_16,Runtime (RDTSC) [s] STAT,243.0544,60.7636,60.7636,60.7636,
L3,O1,2,jik,16,L3_O1_P2_jik_bco_16,Runtime (RDTSC) [s] STAT,260.0920,65.0230,65.0230,65.0230,
L3,O1,2,ijk,128,L3_O1_P2_ijk_bco_128,Runtime (RDTSC) [s] STAT,70.9600,17.7400,17.7400,17.7400,
L3,O1,2,kij,128,L3_O1_P2_kij_bco_128,Runtime (RDTSC) [s] STAT,43.8692,10.9673,10.9673,10.9673,
L3,O1,2,jik,512,L3_O1_P2_jik_bco_512,Runtime (RDTSC) [s] STAT,54.0060,13.5015,13.5015,13.5015,
L3,O1,2,jki,2048,L3_O1_P2_jki_bco_2048,Runtime (RDTSC) [s] STAT,309.5020,77.3755,77.3755,77.3755,
L3,O1,2,ikj,256,L3_O1_P2_ikj_bco_256,Runtime (RDTSC) [s] STAT,30.8400,7.7100,7.7100,7.7100,
L3,O1,2,kji,16,L3_O1_P2_kji_bco_16,Runtime (RDTSC) [s] STAT,222.0908,55.5227,55.5227,55.5227,
L3,O1,2,kij,64,L3_O1_P2_kij_bco_64,Runtime (RDTSC) [s] STAT,72.3592,18.0898,18.0898,18.0898,
L3,O1,2,kij,0,L3_O1_P2_kij,Runtime (RDTSC) [s] STAT,17.8716,4.4679,4.4679,4.4679,
L3,O1,2,jki,1024,L3_O1_P2_jki_bco_1024,Runtime (RDTSC) [s] STAT,249.4104,62.3526,62.3526,62.3526,
L3,O1,2,ijk,2048,L3_O1_P2_ijk_bco_2048,Runtime (RDTSC) [s] STAT,158.0728,39.5182,39.5182,39.5182,
L3,O1,2,ijk,64,L3_O1_P2_ijk_bco_64,Runtime (RDTSC) [s] STAT,95.4524,23.8631,23.8631,23.8631,
L3,O1,2,ikj,512,L3_O1_P2_ikj_bco_512,Runtime (RDTSC) [s] STAT,24.4988,6.1247,6.1247,6.1247,
L3,O1,2,kji,32,L3_O1_P2_kji_bco_32,Runtime (RDTSC) [s] STAT,132.0956,33.0239,33.0239,33.0239,
L3,O1,2,ikj,128,L3_O1_P2_ikj_bco_128,Runtime (RDTSC) [s] STAT,45.6592,11.4148,11.4148,11.4148,
L3,O1,2,kij,32,L3_O1_P2_kij_bco_32,Runtime (RDTSC) [s] STAT,130.0704,32.5176,32.5176,32.5176,
L3,O1,2,jki,0,L3_O1_P2_jki,Runtime (RDTSC) [s] STAT,366.8388,91.7097,91.7097,91.7097,
L3,O1,2,kji,0,L3_O1_P2_kji,Runtime (RDTSC) [s] STAT,335.0780,83.7695,83.7695,83.7695,
L3,O1,2,jki,256,L3_O1_P2_jki_bco_256,Runtime (RDTSC) [s] STAT,80.6148,20.1537,20.1537,20.1537,
L3,O1,2,jik,32,L3_O1_P2_jik_bco_32,Runtime (RDTSC) [s] STAT,141.3672,35.3418,35.3418,35.3418,
L3,O1,2,ikj,16,L3_O1_P2_ikj_bco_16,Runtime (RDTSC) [s] STAT,244.5796,61.1449,61.1449,61.1449,
L3,O1,2,jki,512,L3_O1_P2_jki_bco_512,Runtime (RDTSC) [s] STAT,97.2928,24.3232,24.3232,24.3232,
L3,O1,2,kji,256,L3_O1_P2_kji_bco_256,Runtime (RDTSC) [s] STAT,73.5032,18.3758,18.3758,18.3758,
L3,O1,2,jki,64,L3_O1_P2_jki_bco_64,Runtime (RDTSC) [s] STAT,75.4400,18.8600,18.8600,18.8600,
L3,O1,2,kij,256,L3_O1_P2_kij_bco_256,Runtime (RDTSC) [s] STAT,29.4984,7.3746,7.3746,7.3746,
L3,O1,2,ikj,2048,L3_O1_P2_ikj_bco_2048,Runtime (RDTSC) [s] STAT,18.4868,4.6217,4.6217,4.6217,
L3,O1,2,ijk,0,L3_O1_P2_ijk,Runtime (RDTSC) [s] STAT,161.5940,40.3985,40.3985,40.3985,
L3,O1,2,jki,32,L3_O1_P2_jki_bco_32,Runtime (RDTSC) [s] STAT,133.9620,33.4905,33.4905,33.4905,
L3,O1,2,jki,128,L3_O1_P2_jki_bco_128,Runtime (RDTSC) [s] STAT,65.6808,16.4202,16.4202,16.4202,
L3,O1,2,kji,64,L3_O1_P2_kji_bco_64,Runtime (RDTSC) [s] STAT,79.1740,19.7935,19.7935,19.7935,
L3,O1,2,jik,128,L3_O1_P2_jik_bco_128,Runtime (RDTSC) [s] STAT,70.4808,17.6202,17.6202,17.6202,
L3,O1,2,kji,2048,L3_O1_P2_kji_bco_2048,Runtime (RDTSC) [s] STAT,366.0856,91.5214,91.5214,91.5214,
L3,O1,2,kij,16,L3_O1_P2_kij_bco_16,Runtime (RDTSC) [s] STAT,233.3180,58.3295,58.3295,58.3295,
L3,O1,2,kij,2048,L3_O1_P2_kij_bco_2048,Runtime (RDTSC) [s] STAT,19.3084,4.8271,4.8271,4.8271,
L3,O1,2,ijk,512,L3_O1_P2_ijk_bco_512,Runtime (RDTSC) [s] STAT,54.0676,13.5169,13.5169,13.5169,
L3,O1,2,kij,1024,L3_O1_P2_kij_bco_1024,Runtime (RDTSC) [s] STAT,20.9028,5.2257,5.2257,5.2257,
L3,O1,2,jik,256,L3_O1_P2_jik_bco_256,Runtime (RDTSC) [s] STAT,58.3968,14.5992,14.5992,14.5992,
L3,O1,2,ijk,32,L3_O1_P2_ijk_bco_32,Runtime (RDTSC) [s] STAT,144.2136,36.0534,36.0534,36.0534,
L3,O1,2,kij,512,L3_O1_P2_kij_bco_512,Runtime (RDTSC) [s] STAT,24.7856,6.1964,6.1964,6.1964,
L3,O1,2,kji,1024,L3_O1_P2_kji_bco_1024,Runtime (RDTSC) [s] STAT,262.0520,65.5130,65.5130,65.5130,
L3,O1,2,ikj,0,L3_O1_P2_ikj,Runtime (RDTSC) [s] STAT,18.6992,4.6748,4.6748,4.6748,
L3,O1,2,ijk,1024,L3_O1_P2_ijk_bco_1024,Runtime (RDTSC) [s] STAT,76.0108,19.0027,19.0027,19.0027,
L3,O1,2,jik,64,L3_O1_P2_jik_bco_64,Runtime (RDTSC) [s] STAT,100.8968,25.2242,25.2242,25.2242,
L3,O3,1,ikj,1024,L3_O3_P1_ikj_bco_1024,Runtime (RDTSC) [s] STAT,6.8100,1.7025,1.7025,1.7025,
L3,O3,1,ijk,16,L3_O3_P1_ijk_bco_16,Runtime (RDTSC) [s] STAT,36.4416,9.1104,9.1104,9.1104,
L3,O3,1,jik,1024,L3_O3_P1_jik_bco_1024,Runtime (RDTSC) [s] STAT,119.8156,29.9539,29.9539,29.9539,
L3,O3,1,jik,0,L3_O3_P1_jik,Runtime (RDTSC) [s] STAT,277.5560,69.3890,69.3890,69.3890,
L3,O3,1,ikj,32,L3_O3_P1_ikj_bco_32,Runtime (RDTSC) [s] STAT,11.1104,2.7776,2.7776,2.7776,
L3,O3,1,ikj,64,L3_O3_P1_ikj_bco_64,Runtime (RDTSC) [s] STAT,8.1700,2.0425,2.0425,2.0425,
L3,O3,1,kji,512,L3_O3_P1_kji_bco_512,Runtime (RDTSC) [s] STAT,185.7732,46.4433,46.4433,46.4433,
L3,O3,1,jik,2048,L3_O3_P1_jik_bco_2048,Runtime (RDTSC) [s] STAT,259.6100,64.9025,64.9025,64.9025,
L3,O3,1,kji,128,L3_O3_P1_kji_bco_128,Runtime (RDTSC) [s] STAT,80.0708,20.0177,20.0177,20.0177,
L3,O3,1,ijk,256,L3_O3_P1_ijk_bco_256,Runtime (RDTSC) [s] STAT,45.0604,11.2651,11.2651,11.2651,
L3,O3,1,jki,16,L3_O3_P1_jki_bco_16,Runtime (RDTSC) [s] STAT,27.4668,6.8667,6.8667,6.8667,
L3,O3,1,jik,16,L3_O3_P1_jik_bco_16,Runtime (RDTSC) [s] STAT,29.7576,7.4394,7.4394,7.4394,
L3,O3,1,ijk,128,L3_O3_P1_ijk_bco_128,Runtime (RDTSC) [s] STAT,32.1924,8.0481,8.0481,8.0481,
L3,O3,1,kij,128,L3_O3_P1_kij_bco_128,Runtime (RDTSC) [s] STAT,8.6872,2.1718,2.1718,2.1718,
L3,O3,1,jik,512,L3_O3_P1_jik_bco_512,Runtime (RDTSC) [s] STAT,59.6144,14.9036,14.9036,14.9036,
L3,O3,1,jki,2048,L3_O3_P1_jki_bco_2048,Runtime (RDTSC) [s] STAT,556.1068,139.0267,139.0267,139.0267,
L3,O3,1,ikj,256,L3_O3_P1_ikj_bco_256,Runtime (RDTSC) [s] STAT,7.4364,1.8591,1.8591,1.8591,
L3,O3,1,kji,16,L3_O3_P1_kji_bco_16,Runtime (RDTSC) [s] STAT,27.5696,6.8924,6.8924,6.8924,
L3,O3,1,kij,64,L3_O3_P1_kij_bco_64,Runtime (RDTSC) [s] STAT,8.9984,2.2496,2.2496,2.2496,
L3,O3,1,kij,0,L3_O3_P1_kij,Runtime (RDTSC) [s] STAT,13.7256,3.4314,3.4314,3.4314,
L3,O3,1,jki,1024,L3_O3_P1_jki_bco_1024,Runtime (RDTSC) [s] STAT,470.8764,117.7191,117.7191,117.7191,
L3,O3,1,ijk,2048,L3_O3_P1_ijk_bco_2048,Runtime (RDTSC) [s] STAT,252.5392,63.1348,63.1348,63.1348,
L3,O3,1,ijk,64,L3_O3_P1_ijk_bco_64,Runtime (RDTSC) [s] STAT,32.1780,8.0445,8.0445,8.0445,
L3,O3,1,ikj,512,L3_O3_P1_ikj_bco_512,Runtime (RDTSC) [s] STAT,7.0280,1.7570,1.7570,1.7570,
L3,O3,1,kji,32,L3_O3_P1_kji_bco_32,Runtime (RDTSC) [s] STAT,23.7100,5.9275,5.9275,5.9275,
L3,O3,1,ikj,128,L3_O3_P1_ikj_bco_128,Runtime (RDTSC) [s] STAT,8.4760,2.1190,2.1190,2.1190,
L3,O3,1,kij,32,L3_O3_P1_kij_bco_32,Runtime (RDTSC) [s] STAT,13.0188,3.2547,3.2547,3.2547,
L3,O3,1,jki,0,L3_O3_P1_jki,Runtime (RDTSC) [s] STAT,582.1136,145.5284,145.5284,145.5284,
L3,O3,1,kji,0,L3_O3_P1_kji,Runtime (RDTSC) [s] STAT,591.5128,147.8782,147.8782,147.8782,
L3,O3,1,jki,256,L3_O3_P1_jki_bco_256,Runtime (RDTSC) [s] STAT,124.2208,31.0552,31.0552,31.0552,
L3,O3,1,jik,32,L3_O3_P1_jik_bco_32,Runtime (RDTSC) [s] STAT,31.5560,7.8890,7.8890,7.8890,
L3,O3,1,ikj,16,L3_O3_P1_ikj_bco_16,Runtime (RDTSC) [s] STAT,18.7036,4.6759,4.6759,4.6759,
L3,O3,1,jki,512,L3_O3_P1_jki_bco_512,Runtime (RDTSC) [s] STAT,186.0768,46.5192,46.5192,46.5192,
L3,O3,1,kji,256,L3_O3_P1_kji_bco_256,Runtime (RDTSC) [s] STAT,123.3024,30.8256,30.8256,30.8256,
L3,O3,1,jki,64,L3_O3_P1_jki_bco_64,Runtime (RDTSC) [s] STAT,25.4376,6.3594,6.3594,6.3594,
L3,O3,1,kij,256,L3_O3_P1_kij_bco_256,Runtime (RDTSC) [s] STAT,7.7852,1.9463,1.9463,1.9463,
L3,O3,1,ikj,2048,L3_O3_P1_ikj_bco_2048,Runtime (RDTSC) [s] STAT,9.1260,2.2815,2.2815,2.2815,
L3,O3,1,ijk,0,L3_O3_P1_ijk,Runtime (RDTSC) [s] STAT,261.0808,65.2702,65.2702,65.2702,
L3,O3,1,jki,32,L3_O3_P1_jki_bco_32,Runtime (RDTSC) [s] STAT,23.7008,5.9252,5.9252,5.9252,
L3,O3,1,jki,128,L3_O3_P1_jki_bco_128,Runtime (RDTSC) [s] STAT,81.9008,20.4752,20.4752,20.4752,
L3,O3,1,kji,64,L3_O3_P1_kji_bco_64,Runtime (RDTSC) [s] STAT,25.2544,6.3136,6.3136,6.3136,
L3,O3,1,jik,128,L3_O3_P1_jik_bco_128,Runtime (RDTSC) [s] STAT,32.4924,8.1231,8.1231,8.1231,
L3,O3,1,kji,2048,L3_O3_P1_kji_bco_2048,Runtime (RDTSC) [s] STAT,584.1856,146.0464,146.0464,146.0464,
L3,O3,1,kij,16,L3_O3_P1_kij_bco_16,Runtime (RDTSC) [s] STAT,20.9916,5.2479,5.2479,5.2479,
L3,O3,1,kij,2048,L3_O3_P1_kij_bco_2048,Runtime (RDTSC) [s] STAT,13.8188,3.4547,3.4547,3.4547,
L3,O3,1,ijk,512,L3_O3_P1_ijk_bco_512,Runtime (RDTSC) [s] STAT,59.0784,14.7696,14.7696,14.7696,
L3,O3,1,kij,1024,L3_O3_P1_kij_bco_1024,Runtime (RDTSC) [s] STAT,8.8328,2.2082,2.2082,2.2082,
L3,O3,1,jik,256,L3_O3_P1_jik_bco_256,Runtime (RDTSC) [s] STAT,45.8852,11.4713,11.4713,11.4713,
L3,O3,1,ijk,32,L3_O3_P1_ijk_bco_32,Runtime (RDTSC) [s] STAT,32.3708,8.0927,8.0927,8.0927,
L3,O3,1,kij,512,L3_O3_P1_kij_bco_512,Runtime (RDTSC) [s] STAT,7.5608,1.8902,1.8902,1.8902,
L3,O3,1,kji,1024,L3_O3_P1_kji_bco_1024,Runtime (RDTSC) [s] STAT,479.1736,119.7934,119.7934,119.7934,
L3,O3,1,ikj,0,L3_O3_P1_ikj,Runtime (RDTSC) [s] STAT,8.9580,2.2395,2.2395,2.2395,
L3,O3,1,ijk,1024,L3_O3_P1_ijk_bco_1024,Runtime (RDTSC) [s] STAT,77.4784,19.3696,19.3696,19.3696,
L3,O3,1,jik,64,L3_O3_P1_jik_bco_64,Runtime (RDTSC) [s] STAT,31.7376,7.9344,7.9344,7.9344,
L3,O0,1,ikj,1024,L3_O0_P1_ikj_bco_1024,Runtime (RDTSC) [s] STAT,312.9224,78.2306,78.2306,78.2306,
L3,O0,1,ijk,16,L3_O0_P1_ijk_bco_16,Runtime (RDTSC) [s] STAT,375.1044,93.7761,93.7761,93.7761,
L3,O0,1,jik,1024,L3_O0_P1_jik_bco_1024,Runtime (RDTSC) [s] STAT,480.2584,120.0646,120.0646,120.0646,
L3,O0,1,jik,0,L3_O0_P1_jik,Runtime (RDTSC) [s] STAT,1164.5592,291.1398,291.1398,291.1398,
L3,O0,1,ikj,32,L3_O0_P1_ikj_bco_32,Runtime (RDTSC) [s] STAT,337.6508,84.4127,84.4127,84.4127,
L3,O0,1,ikj,64,L3_O0_P1_ikj_bco_64,Runtime (RDTSC) [s] STAT,323.2760,80.8190,80.8190,80.8190,
L3,O0,1,kji,512,L3_O0_P1_kji_bco_512,Runtime (RDTSC) [s] STAT,398.9344,99.7336,99.7336,99.7336,
L3,O0,1,jik,2048,L3_O0_P1_jik_bco_2048,Runtime (RDTSC) [s] STAT,1243.1340,310.7835,310.7835,310.7835,
L3,O0,1,kji,128,L3_O0_P1_kji_bco_128,Runtime (RDTSC) [s] STAT,328.3824,82.0956,82.0956,82.0956,
L3,O0,1,ijk,256,L3_O0_P1_ijk_bco_256,Runtime (RDTSC) [s] STAT,327.5828,81.8957,81.8957,81.8957,
L3,O0,1,jki,16,L3_O0_P1_jki_bco_16,Runtime (RDTSC) [s] STAT,377.6060,94.4015,94.4015,94.4015,
L3,O0,1,jik,16,L3_O0_P1_jik_bco_16,Runtime (RDTSC) [s] STAT,374.5540,93.6385,93.6385,93.6385,
L3,O0,1,ijk,128,L3_O0_P1_ijk_bco_128,Runtime (RDTSC) [s] STAT,320.4740,80.1185,80.1185,80.1185,
L3,O0,1,kij,128,L3_O0_P1_kij_bco_128,Runtime (RDTSC) [s] STAT,317.4364,79.3591,79.3591,79.3591,
L3,O0,1,jik,512,L3_O0_P1_jik_bco_512,Runtime (RDTSC) [s] STAT,371.6952,92.9238,92.9238,92.9238,
L3,O0,1,jki,2048,L3_O0_P1_jki_bco_2048,Runtime (RDTSC) [s] STAT,1401.0928,350.2732,350.2732,350.2732,
L3,O0,1,ikj,256,L3_O0_P1_ikj_bco_256,Runtime (RDTSC) [s] STAT,314.7836,78.6959,78.6959,78.6959,
L3,O0,1,kji,16,L3_O0_P1_kji_bco_16,Runtime (RDTSC) [s] STAT,377.1312,94.2828,94.2828,94.2828,
L3,O0,1,kij,64,L3_O0_P1_kij_bco_64,Runtime (RDTSC) [s] STAT,323.2364,80.8091,80.8091,80.8091,
L3,O0,1,kij,0,L3_O0_P1_kij,Runtime (RDTSC) [s] STAT,314.7412,78.6853,78.6853,78.6853,
L3,O0,1,jki,1024,L3_O0_P1_jki_bco_1024,Runtime (RDTSC) [s] STAT,662.1876,165.5469,165.5469,165.5469,
L3,O0,1,ijk,2048,L3_O0_P1_ijk_bco_2048,Runtime (RDTSC) [s] STAT,1441.8548,360.4637,360.4637,360.4637,
L3,O0,1,ijk,64,L3_O0_P1_ijk_bco_64,Runtime (RDTSC) [s] STAT,324.9372,81.2343,81.2343,81.2343,
L3,O0,1,ikj,512,L3_O0_P1_ikj_bco_512,Runtime (RDTSC) [s] STAT,313.2408,78.3102,78.3102,78.3102,
L3,O0,1,kji,32,L3_O0_P1_kji_bco_32,Runtime (RDTSC) [s] STAT,343.6384,85.9096,85.9096,85.9096,
L3,O0,1,ikj,128,L3_O0_P1_ikj_bco_128,Runtime (RDTSC) [s] STAT,317.6340,79.4085,79.4085,79.4085,
L3,O0,1,kij,32,L3_O0_P1_kij_bco_32,Runtime (RDTSC) [s] STAT,337.5468,84.3867,84.3867,84.3867,
L3,O0,1,jki,0,L3_O0_P1_jki,Runtime (RDTSC) [s] STAT,1429.8628,357.4657,357.4657,357.4657,
L3,O0,1,kji,0,L3_O0_P1_kji,Runtime (RDTSC) [s] STAT,1457.5800,364.3950,364.3950,364.3950,
L3,O0,1,jki,256,L3_O0_P1_jki_bco_256,Runtime (RDTSC) [s] STAT,370.1520,92.5380,92.5380,92.5380,
L3,O0,1,jik,32,L3_O0_P1_jik_bco_32,Runtime (RDTSC) [s] STAT,340.2096,85.0524,85.0524,85.0524,
L3,O0,1,ikj,16,L3_O0_P1_ikj_bco_16,Runtime (RDTSC) [s] STAT,372.8580,93.2145,93.2145,93.2145,
L3,O0,1,jki,512,L3_O0_P1_jki_bco_512,Runtime (RDTSC) [s] STAT,396.4416,99.1104,99.1104,99.1104,
L3,O0,1,kji,256,L3_O0_P1_kji_bco_256,Runtime (RDTSC) [s] STAT,367.9884,91.9971,91.9971,91.9971,
L3,O0,1,jki,64,L3_O0_P1_jki_bco_64,Runtime (RDTSC) [s] STAT,327.6144,81.9036,81.9036,81.9036,
L3,O0,1,kij,256,L3_O0_P1_kij_bco_256,Runtime (RDTSC) [s] STAT,315.6644,78.9161,78.9161,78.9161,
L3,O0,1,ikj,2048,L3_O0_P1_ikj_bco_2048,Runtime (RDTSC) [s] STAT,313.6116,78.4029,78.4029,78.4029,
L3,O0,1,ijk,0,L3_O0_P1_ijk,Runtime (RDTSC) [s] STAT,1309.5348,327.3837,327.3837,327.3837,
L3,O0,1,jki,32,L3_O0_P1_jki_bco_32,Runtime (RDTSC) [s] STAT,341.8180,85.4545,85.4545,85.4545,
L3,O0,1,jki,128,L3_O0_P1_jki_bco_128,Runtime (RDTSC) [s] STAT,336.4348,84.1087,84.1087,84.1087,
L3,O0,1,kji,64,L3_O0_P1_kji_bco_64,Runtime (RDTSC) [s] STAT,328.5684,82.1421,82.1421,82.1421,
L3,O0,1,jik,128,L3_O0_P1_jik_bco_128,Runtime (RDTSC) [s] STAT,321.6244,80.4061,80.4061,80.4061,
L3,O0,1,kji,2048,L3_O0_P1_kji_bco_2048,Runtime (RDTSC) [s] STAT,1476.3020,369.0755,369.0755,369.0755,
L3,O0,1,kij,16,L3_O0_P1_kij_bco_16,Runtime (RDTSC) [s] STAT,373.1164,93.2791,93.2791,93.2791,
L3,O0,1,kij,2048,L3_O0_P1_kij_bco_2048,Runtime (RDTSC) [s] STAT,315.2628,78.8157,78.8157,78.8157,
L3,O0,1,ijk,512,L3_O0_P1_ijk_bco_512,Runtime (RDTSC) [s] STAT,371.3856,92.8464,92.8464,92.8464,
L3,O0,1,kij,1024,L3_O0_P1_kij_bco_1024,Runtime (RDTSC) [s] STAT,314.5968,78.6492,78.6492,78.6492,
L3,O0,1,jik,256,L3_O0_P1_jik_bco_256,Runtime (RDTSC) [s] STAT,330.7788,82.6947,82.6947,82.6947,
L3,O0,1,ijk,32,L3_O0_P1_ijk_bco_32,Runtime (RDTSC) [s] STAT,340.1960,85.0490,85.0490,85.0490,
L3,O0,1,kij,512,L3_O0_P1_kij_bco_512,Runtime (RDTSC) [s] STAT,313.5448,78.3862,78.3862,78.3862,
L3,O0,1,kji,1024,L3_O0_P1_kji_bco_1024,Runtime (RDTSC) [s] STAT,692.7748,173.1937,173.1937,173.1937,
L3,O0,1,ikj,0,L3_O0_P1_ikj,Runtime (RDTSC) [s] STAT,313.2900,78.3225,78.3225,78.3225,
L3,O0,1,ijk,1024,L3_O0_P1_ijk_bco_1024,Runtime (RDTSC) [s] STAT,447.9040,111.9760,111.9760,111.9760,
L3,O0,1,jik,64,L3_O0_P1_jik_bco_64,Runtime (RDTSC) [s] STAT,325.8716,81.4679,81.4679,81.4679,
L3,O3,2,ikj,1024,L3_O3_P2_ikj_bco_1024,Runtime (RDTSC) [s] STAT,7.7392,1.9348,1.9348,1.9348,
L3,O3,2,ijk,16,L3_O3_P2_ijk_bco_16,Runtime (RDTSC) [s] STAT,255.2960,63.8240,63.8240,63.8240,
L3,O3,2,jik,1024,L3_O3_P2_jik_bco_1024,Runtime (RDTSC) [s] STAT,36.2100,9.0525,9.0525,9.0525,
L3,O3,2,jik,0,L3_O3_P2_jik,Runtime (RDTSC) [s] STAT,176.5344,44.1336,44.1336,44.1336,
L3,O3,2,ikj,32,L3_O3_P2_ikj_bco_32,Runtime (RDTSC) [s] STAT,114.7964,28.6991,28.6991,28.6991,
L3,O3,2,ikj,64,L3_O3_P2_ikj_bco_64,Runtime (RDTSC) [s] STAT,55.5268,13.8817,13.8817,13.8817,
L3,O3,2,kji,512,L3_O3_P2_kji_bco_512,Runtime (RDTSC) [s] STAT,103.5568,25.8892,25.8892,25.8892,
L3,O3,2,jik,2048,L3_O3_P2_jik_bco_2048,Runtime (RDTSC) [s] STAT,158.1984,39.5496,39.5496,39.5496,
L3,O3,2,kji,128,L3_O3_P2_kji_bco_128,Runtime (RDTSC) [s] STAT,66.4196,16.6049,16.6049,16.6049,
L3,O3,2,ijk,256,L3_O3_P2_ijk_bco_256,Runtime (RDTSC) [s] STAT,30.5296,7.6324,7.6324,7.6324,
L3,O3,2,jki,16,L3_O3_P2_jki_bco_16,Runtime (RDTSC) [s] STAT,248.5788,62.1447,62.1447,62.1447,
L3,O3,2,jik,16,L3_O3_P2_jik_bco_16,Runtime (RDTSC) [s] STAT,225.6396,56.4099,56.4099,56.4099,
L3,O3,2,ijk,128,L3_O3_P2_ijk_bco_128,Runtime (RDTSC) [s] STAT,47.1036,11.7759,11.7759,11.7759,
L3,O3,2,kij,128,L3_O3_P2_kij_bco_128,Runtime (RDTSC) [s] STAT,30.9268,7.7317,7.7317,7.7317,
L3,O3,2,jik,512,L3_O3_P2_jik_bco_512,Runtime (RDTSC) [s] STAT,36.2776,9.0694,9.0694,9.0694,
L3,O3,2,jki,2048,L3_O3_P2_jki_bco_2048,Runtime (RDTSC) [s] STAT,298.4204,74.6051,74.6051,74.6051,
L3,O3,2,ikj,256,L3_O3_P2_ikj_bco_256,Runtime (RDTSC) [s] STAT,18.0456,4.5114,4.5114,4.5114,
L3,O3,2,kji,16,L3_O3_P2_kji_bco_16,Runtime (RDTSC) [s] STAT,218.6296,54.6574,54.6574,54.6574,
L3,O3,2,kij,64,L3_O3_P2_kij_bco_64,Runtime (RDTSC) [s] STAT,57.3372,14.3343,14.3343,14.3343,
L3,O3,2,kij,0,L3_O3_P2_kij,Runtime (RDTSC) [s] STAT,15.8908,3.9727,3.9727,3.9727,
L3,O3,2,jki,1024,L3_O3_P2_jki_bco_1024,Runtime (RDTSC) [s] STAT,245.2452,61.3113,61.3113,61.3113,
L3,O3,2,ijk,2048,L3_O3_P2_ijk_bco_2048,Runtime (RDTSC) [s] STAT,153.6344,38.4086,38.4086,38.4086,
L3,O3,2,ijk,64,L3_O3_P2_ijk_bco_64,Runtime (RDTSC) [s] STAT,70.5604,17.6401,17.6401,17.6401,
L3,O3,2,ikj,512,L3_O3_P2_ikj_bco_512,Runtime (RDTSC) [s] STAT,11.0812,2.7703,2.7703,2.7703,
L3,O3,2,kji,32,L3_O3_P2_kji_bco_32,Runtime (RDTSC) [s] STAT,131.9608,32.9902,32.9902,32.9902,
L3,O3,2,ikj,128,L3_O3_P2_ikj_bco_128,Runtime (RDTSC) [s] STAT,32.8444,8.2111,8.2111,8.2111,
L3,O3,2,kij,32,L3_O3_P2_kij_bco_32,Runtime (RDTSC) [s] STAT,105.2756,26.3189,26.3189,26.3189,
L3,O3,2,jki,0,L3_O3_P2_jki,Runtime (RDTSC) [s] STAT,372.2132,93.0533,93.0533,93.0533,
L3,O3,2,kji,0,L3_O3_P2_kji,Runtime (RDTSC) [s] STAT,340.5468,85.1367,85.1367,85.1367,
L3,O3,2,jki,256,L3_O3_P2_jki_bco_256,Runtime (RDTSC) [s] STAT,76.7228,19.1807,19.1807,19.1807,
L3,O3,2,jik,32,L3_O3_P2_jik_bco_32,Runtime (RDTSC) [s] STAT,96.1140,24.0285,24.0285,24.0285,
L3,O3,2,ikj,16,L3_O3_P2_ikj_bco_16,Runtime (RDTSC) [s] STAT,241.1812,60.2953,60.2953,60.2953,
L3,O3,2,jki,512,L3_O3_P2_jki_bco_512,Runtime (RDTSC) [s] STAT,97.6624,24.4156,24.4156,24.4156,
L3,O3,2,kji,256,L3_O3_P2_kji_bco_256,Runtime (RDTSC) [s] STAT,78.6812,19.6703,19.6703,19.6703,
L3,O3,2,jki,64,L3_O3_P2_jki_bco_64,Runtime (RDTSC) [s] STAT,64.1280,16.0320,16.0320,16.0320,
L3,O3,2,kij,256,L3_O3_P2_kij_bco_256,Runtime (RDTSC) [s] STAT,18.1580,4.5395,4.5395,4.5395,
L3,O3,2,ikj,2048,L3_O3_P2_ikj_bco_2048,Runtime (RDTSC) [s] STAT,7.8848,1.9712,1.9712,1.9712,
L3,O3,2,ijk,0,L3_O3_P2_ijk,Runtime (RDTSC) [s] STAT,152.7628,38.1907,38.1907,38.1907,
L3,O3,2,jki,32,L3_O3_P2_jki_bco_32,Runtime (RDTSC) [s] STAT,121.4312,30.3578,30.3578,30.3578,
L3,O3,2,jki,128,L3_O3_P2_jki_bco_128,Runtime (RDTSC) [s] STAT,69.9288,17.4822,17.4822,17.4822,
L3,O3,2,kji,64,L3_O3_P2_kji_bco_64,Runtime (RDTSC) [s] STAT,70.1268,17.5317,17.5317,17.5317,
L3,O3,2,jik,128,L3_O3_P2_jik_bco_128,Runtime (RDTSC) [s] STAT,49.6104,12.4026,12.4026,12.4026,
L3,O3,2,kji,2048,L3_O3_P2_kji_bco_2048,Runtime (RDTSC) [s] STAT,346.1024,86.5256,86.5256,86.5256,
L3,O3,2,kij,16,L3_O3_P2_kij_bco_16,Runtime (RDTSC) [s] STAT,213.2616,53.3154,53.3154,53.3154,
L3,O3,2,kij,2048,L3_O3_P2_kij_bco_2048,Runtime (RDTSC) [s] STAT,16.3416,4.0854,4.0854,4.0854,
L3,O3,2,ijk,512,L3_O3_P2_ijk_bco_512,Runtime (RDTSC) [s] STAT,33.8424,8.4606,8.4606,8.4606,
L3,O3,2,kij,1024,L3_O3_P2_kij_bco_1024,Runtime (RDTSC) [s] STAT,11.2068,2.8017,2.8017,2.8017,
L3,O3,2,jik,256,L3_O3_P2_jik_bco_256,Runtime (RDTSC) [s] STAT,31.4772,7.8693,7.8693,7.8693,
L3,O3,2,ijk,32,L3_O3_P2_ijk_bco_32,Runtime (RDTSC) [s] STAT,127.1568,31.7892,31.7892,31.7892,
L3,O3,2,kij,512,L3_O3_P2_kij_bco_512,Runtime (RDTSC) [s] STAT,11.1552,2.7888,2.7888,2.7888,
L3,O3,2,kji,1024,L3_O3_P2_kji_bco_1024,Runtime (RDTSC) [s] STAT,247.1252,61.7813,61.7813,61.7813,
L3,O3,2,ikj,0,L3_O3_P2_ikj,Runtime (RDTSC) [s] STAT,7.9260,1.9815,1.9815,1.9815,
L3,O3,2,ijk,1024,L3_O3_P2_ijk_bco_1024,Runtime (RDTSC) [s] STAT,31.1996,7.7999,7.7999,7.7999,
L3,O3,2,jik,64,L3_O3_P2_jik_bco_64,Runtime (RDTSC) [s] STAT,75.9588,18.9897,18.9897,18.9897,
L3,O2,1,ikj,1024,L3_O2_P1_ikj_bco_1024,Runtime (RDTSC) [s] STAT,21.4736,5.3684,5.3684,5.3684,
L3,O2,1,ijk,16,L3_O2_P1_ijk_bco_16,Runtime (RDTSC) [s] STAT,37.9616,9.4904,9.4904,9.4904,
L3,O2,1,jik,1024,L3_O2_P1_jik_bco_1024,Runtime (RDTSC) [s] STAT,122.8152,30.7038,30.7038,30.7038,
L3,O2,1,jik,0,L3_O2_P1_jik,Runtime (RDTSC) [s] STAT,282.5500,70.6375,70.6375,70.6375,
L3,O2,1,ikj,32,L3_O2_P1_ikj_bco_32,Runtime (RDTSC) [s] STAT,25.5036,6.3759,6.3759,6.3759,
L3,O2,1,ikj,64,L3_O2_P1_ikj_bco_64,Runtime (RDTSC) [s] STAT,25.4088,6.3522,6.3522,6.3522,
L3,O2,1,kji,512,L3_O2_P1_kji_bco_512,Runtime (RDTSC) [s] STAT,191.0136,47.7534,47.7534,47.7534,
L3,O2,1,jik,2048,L3_O2_P1_jik_bco_2048,Runtime (RDTSC) [s] STAT,272.2100,68.0525,68.0525,68.0525,
L3,O2,1,kji,128,L3_O2_P1_kji_bco_128,Runtime (RDTSC) [s] STAT,80.3752,20.0938,20.0938,20.0938,
L3,O2,1,ijk,256,L3_O2_P1_ijk_bco_256,Runtime (RDTSC) [s] STAT,45.4544,11.3636,11.3636,11.3636,
L3,O2,1,jki,16,L3_O2_P1_jki_bco_16,Runtime (RDTSC) [s] STAT,33.5588,8.3897,8.3897,8.3897,
L3,O2,1,jik,16,L3_O2_P1_jik_bco_16,Runtime (RDTSC) [s] STAT,37.2788,9.3197,9.3197,9.3197,
L3,O2,1,ijk,128,L3_O2_P1_ijk_bco_128,Runtime (RDTSC) [s] STAT,32.5676,8.1419,8.1419,8.1419,
L3,O2,1,kij,128,L3_O2_P1_kij_bco_128,Runtime (RDTSC) [s] STAT,23.2768,5.8192,5.8192,5.8192,
L3,O2,1,jik,512,L3_O2_P1_jik_bco_512,Runtime (RDTSC) [s] STAT,60.4616,15.1154,15.1154,15.1154,
L3,O2,1,jki,2048,L3_O2_P1_jki_bco_2048,Runtime (RDTSC) [s] STAT,591.9088,147.9772,147.9772,147.9772,
L3,O2,1,ikj,256,L3_O2_P1_ikj_bco_256,Runtime (RDTSC) [s] STAT,21.6268,5.4067,5.4067,5.4067,
L3,O2,1,kji,16,L3_O2_P1_kji_bco_16,Runtime (RDTSC) [s] STAT,38.8600,9.7150,9.7150,9.7150,
L3,O2,1,kij,64,L3_O2_P1_kij_bco_64,Runtime (RDTSC) [s] STAT,25.4256,6.3564,6.3564,6.3564,
L3,O2,1,kij,0,L3_O2_P1_kij,Runtime (RDTSC) [s] STAT,24.2748,6.0687,6.0687,6.0687,
L3,O2,1,jki,1024,L3_O2_P1_jki_bco_1024,Runtime (RDTSC) [s] STAT,474.6416,118.6604,118.6604,118.6604,
L3,O2,1,ijk,2048,L3_O2_P1_ijk_bco_2048,Runtime (RDTSC) [s] STAT,262.1692,65.5423,65.5423,65.5423,
L3,O2,1,ijk,64,L3_O2_P1_ijk_bco_64,Runtime (RDTSC) [s] STAT,32.7900,8.1975,8.1975,8.1975,
L3,O2,1,ikj,512,L3_O2_P1_ikj_bco_512,Runtime (RDTSC) [s] STAT,21.1412,5.2853,5.2853,5.2853,
L3,O2,1,kji,32,L3_O2_P1_kji_bco_32,Runtime (RDTSC) [s] STAT,34.3288,8.5822,8.5822,8.5822,
L3,O2,1,ikj,128,L3_O2_P1_ikj_bco_128,Runtime (RDTSC) [s] STAT,23.2744,5.8186,5.8186,5.8186,
L3,O2,1,kij,32,L3_O2_P1_kij_bco_32,Runtime (RDTSC) [s] STAT,25.9772,6.4943,6.4943,6.4943,
L3,O2,1,jki,0,L3_O2_P1_jki,Runtime (RDTSC) [s] STAT,623.4800,155.8700,155.8700,155.8700,
L3,O2,1,kji,0,L3_O2_P1_kji,Runtime (RDTSC) [s] STAT,657.5876,164.3969,164.3969,164.3969,
L3,O2,1,jki,256,L3_O2_P1_jki_bco_256,Runtime (RDTSC) [s] STAT,130.6020,32.6505,32.6505,32.6505,
L3,O2,1,jik,32,L3_O2_P1_jik_bco_32,Runtime (RDTSC) [s] STAT,34.1820,8.5455,8.5455,8.5455,
L3,O2,1,ikj,16,L3_O2_P1_ikj_bco_16,Runtime (RDTSC) [s] STAT,32.3640,8.0910,8.0910,8.0910,
L3,O2,1,jki,512,L3_O2_P1_jki_bco_512,Runtime (RDTSC) [s] STAT,187.9088,46.9772,46.9772,46.9772,
L3,O2,1,kji,256,L3_O2_P1_kji_bco_256,Runtime (RDTSC) [s] STAT,126.0300,31.5075,31.5075,31.5075,
L3,O2,1,jki,64,L3_O2_P1_jki_bco_64,Runtime (RDTSC) [s] STAT,26.2532,6.5633,6.5633,6.5633,
L3,O2,1,kij,256,L3_O2_P1_kij_bco_256,Runtime (RDTSC) [s] STAT,22.5348,5.6337,5.6337,5.6337,
L3,O2,1,ikj,2048,L3_O2_P1_ikj_bco_2048,Runtime (RDTSC) [s] STAT,23.6644,5.9161,5.9161,5.9161,
L3,O2,1,ijk,0,L3_O2_P1_ijk,Runtime (RDTSC) [s] STAT,278.9656,69.7414,69.7414,69.7414,
L3,O2,1,jki,32,L3_O2_P1_jki_bco_32,Runtime (RDTSC) [s] STAT,26.0044,6.5011,6.5011,6.5011,
L3,O2,1,jki,128,L3_O2_P1_jki_bco_128,Runtime (RDTSC) [s] STAT,82.2224,20.5556,20.5556,20.5556,
L3,O2,1,kji,64,L3_O2_P1_kji_bco_64,Runtime (RDTSC) [s] STAT,29.8112,7.4528,7.4528,7.4528,
L3,O2,1,jik,128,L3_O2_P1_jik_bco_128,Runtime (RDTSC) [s] STAT,33.2520,8.3130,8.3130,8.3130,
L3,O2,1,kji,2048,L3_O2_P1_kji_bco_2048,Runtime (RDTSC) [s] STAT,618.2208,154.5552,154.5552,154.5552,
L3,O2,1,kij,16,L3_O2_P1_kij_bco_16,Runtime (RDTSC) [s] STAT,32.3004,8.0751,8.0751,8.0751,
L3,O2,1,kij,2048,L3_O2_P1_kij_bco_2048,Runtime (RDTSC) [s] STAT,24.2332,6.0583,6.0583,6.0583,
L3,O2,1,ijk,512,L3_O2_P1_ijk_bco_512,Runtime (RDTSC) [s] STAT,58.9968,14.7492,14.7492,14.7492,
L3,O2,1,kij,1024,L3_O2_P1_kij_bco_1024,Runtime (RDTSC) [s] STAT,23.1756,5.7939,5.7939,5.7939,
L3,O2,1,jik,256,L3_O2_P1_jik_bco_256,Runtime (RDTSC) [s] STAT,48.9644,12.2411,12.2411,12.2411,
L3,O2,1,ijk,32,L3_O2_P1_ijk_bco_32,Runtime (RDTSC) [s] STAT,33.1416,8.2854,8.2854,8.2854,
L3,O2,1,kij,512,L3_O2_P1_kij_bco_512,Runtime (RDTSC) [s] STAT,21.7884,5.4471,5.4471,5.4471,
L3,O2,1,kji,1024,L3_O2_P1_kji_bco_1024,Runtime (RDTSC) [s] STAT,473.3548,118.3387,118.3387,118.3387,
L3,O2,1,ikj,0,L3_O2_P1_ikj,Runtime (RDTSC) [s] STAT,23.5708,5.8927,5.8927,5.8927,
L3,O2,1,ijk,1024,L3_O2_P1_ijk_bco_1024,Runtime (RDTSC) [s] STAT,77.5348,19.3837,19.3837,19.3837,
L3,O2,1,jik,64,L3_O2_P1_jik_bco_64,Runtime (RDTSC) [s] STAT,32.9056,8.2264,8.2264,8.2264,
L3,O0,2,ikj,1024,L3_O0_P2_ikj_bco_1024,Runtime (RDTSC) [s] STAT,156.9156,39.2289,39.2289,39.2289,
L3,O0,2,ijk,16,L3_O0_P2_ijk_bco_16,Runtime (RDTSC) [s] STAT,429.9788,107.4947,107.4947,107.4947,
L3,O0,2,jik,1024,L3_O0_P2_jik_bco_1024,Runtime (RDTSC) [s] STAT,214.9752,53.7438,53.7438,53.7438,
L3,O0,2,jik,0,L3_O0_P2_jik,Runtime (RDTSC) [s] STAT,538.6232,134.6558,134.6558,134.6558,
L3,O0,2,ikj,32,L3_O0_P2_ikj_bco_32,Runtime (RDTSC) [s] STAT,280.4736,70.1184,70.1184,70.1184,
L3,O0,2,ikj,64,L3_O0_P2_ikj_bco_64,Runtime (RDTSC) [s] STAT,213.6820,53.4205,53.4205,53.4205,
L3,O0,2,kji,512,L3_O0_P2_kji_bco_512,Runtime (RDTSC) [s] STAT,200.8840,50.2210,50.2210,50.2210,
L3,O0,2,jik,2048,L3_O0_P2_jik_bco_2048,Runtime (RDTSC) [s] STAT,524.1632,131.0408,131.0408,131.0408,
L3,O0,2,kji,128,L3_O0_P2_kji_bco_128,Runtime (RDTSC) [s] STAT,190.4124,47.6031,47.6031,47.6031,
L3,O0,2,ijk,256,L3_O0_P2_ijk_bco_256,Runtime (RDTSC) [s] STAT,175.5720,43.8930,43.8930,43.8930,
L3,O0,2,jki,16,L3_O0_P2_jki_bco_16,Runtime (RDTSC) [s] STAT,415.5588,103.8897,103.8897,103.8897,
L3,O0,2,jik,16,L3_O0_P2_jik_bco_16,Runtime (RDTSC) [s] STAT,429.5336,107.3834,107.3834,107.3834,
L3,O0,2,ijk,128,L3_O0_P2_ijk_bco_128,Runtime (RDTSC) [s] STAT,192.8540,48.2135,48.2135,48.2135,
L3,O0,2,kij,128,L3_O0_P2_kij_bco_128,Runtime (RDTSC) [s] STAT,185.2108,46.3027,46.3027,46.3027,
L3,O0,2,jik,512,L3_O0_P2_jik_bco_512,Runtime (RDTSC) [s] STAT,188.3992,47.0998,47.0998,47.0998,
L3,O0,2,jki,2048,L3_O0_P2_jki_bco_2048,Runtime (RDTSC) [s] STAT,692.5880,173.1470,173.1470,173.1470,
L3,O0,2,ikj,256,L3_O0_P2_ikj_bco_256,Runtime (RDTSC) [s] STAT,170.4824,42.6206,42.6206,42.6206,
L3,O0,2,kji,16,L3_O0_P2_kji_bco_16,Runtime (RDTSC) [s] STAT,435.8348,108.9587,108.9587,108.9587,
L3,O0,2,kij,64,L3_O0_P2_kij_bco_64,Runtime (RDTSC) [s] STAT,223.0292,55.7573,55.7573,55.7573,
L3,O0,2,kij,0,L3_O0_P2_kij,Runtime (RDTSC) [s] STAT,155.2684,38.8171,38.8171,38.8171,
L3,O0,2,jki,1024,L3_O0_P2_jki_bco_1024,Runtime (RDTSC) [s] STAT,379.3944,94.8486,94.8486,94.8486,
L3,O0,2,ijk,2048,L3_O0_P2_ijk_bco_2048,Runtime (RDTSC) [s] STAT,729.4296,182.3574,182.3574,182.3574,
L3,O0,2,ijk,64,L3_O0_P2_ijk_bco_64,Runtime (RDTSC) [s] STAT,221.5700,55.3925,55.3925,55.3925,
L3,O0,2,ikj,512,L3_O0_P2_ikj_bco_512,Runtime (RDTSC) [s] STAT,160.3340,40.0835,40.0835,40.0835,
L3,O0,2,kji,32,L3_O0_P2_kji_bco_32,Runtime (RDTSC) [s] STAT,278.7956,69.6989,69.6989,69.6989,
L3,O0,2,ikj,128,L3_O0_P2_ikj_bco_128,Runtime (RDTSC) [s] STAT,186.3760,46.5940,46.5940,46.5940,
L3,O0,2,kij,32,L3_O0_P2_kij_bco_32,Runtime (RDTSC) [s] STAT,282.8716,70.7179,70.7179,70.7179,
L3,O0,2,jki,0,L3_O0_P2_jki,Runtime (RDTSC) [s] STAT,816.0952,204.0238,204.0238,204.0238,
L3,O0,2,kji,0,L3_O0_P2_kji,Runtime (RDTSC) [s] STAT,836.6880,209.1720,209.1720,209.1720,
L3,O0,2,jki,256,L3_O0_P2_jki_bco_256,Runtime (RDTSC) [s] STAT,194.6384,48.6596,48.6596,48.6596,
L3,O0,2,jik,32,L3_O0_P2_jik_bco_32,Runtime (RDTSC) [s] STAT,289.7988,72.4497,72.4497,72.4497,
L3,O0,2,ikj,16,L3_O0_P2_ikj_bco_16,Runtime (RDTSC) [s] STAT,428.9768,107.2442,107.2442,107.2442,
L3,O0,2,jki,512,L3_O0_P2_jki_bco_512,Runtime (RDTSC) [s] STAT,199.9788,49.9947,49.9947,49.9947,
L3,O0,2,kji,256,L3_O0_P2_kji_bco_256,Runtime (RDTSC) [s] STAT,190.8268,47.7067,47.7067,47.7067,
L3,O0,2,jki,64,L3_O0_P2_jki_bco_64,Runtime (RDTSC) [s] STAT,219.6260,54.9065,54.9065,54.9065,
L3,O0,2,kij,256,L3_O0_P2_kij_bco_256,Runtime (RDTSC) [s] STAT,167.4736,41.8684,41.8684,41.8684,
L3,O0,2,ikj,2048,L3_O0_P2_ikj_bco_2048,Runtime (RDTSC) [s] STAT,154.6900,38.6725,38.6725,38.6725,
L3,O0,2,ijk,0,L3_O0_P2_ijk,Runtime (RDTSC) [s] STAT,723.5624,180.8906,180.8906,180.8906,
L3,O0,2,jki,32,L3_O0_P2_jki_bco_32,Runtime (RDTSC) [s] STAT,296.4612,74.1153,74.1153,74.1153,
L3,O0,2,jki,128,L3_O0_P2_jki_bco_128,Runtime (RDTSC) [s] STAT,187.6576,46.9144,46.9144,46.9144,
L3,O0,2,kji,64,L3_O0_P2_kji_bco_64,Runtime (RDTSC) [s] STAT,221.6176,55.4044,55.4044,55.4044,
L3,O0,2,jik,128,L3_O0_P2_jik_bco_128,Runtime (RDTSC) [s] STAT,188.2140,47.0535,47.0535,47.0535,
L3,O0,2,kji,2048,L3_O0_P2_kji_bco_2048,Runtime (RDTSC) [s] STAT,790.1352,197.5338,197.5338,197.5338,
L3,O0,2,kij,16,L3_O0_P2_kij_bco_16,Runtime (RDTSC) [s] STAT,407.7384,101.9346,101.9346,101.9346,
L3,O0,2,kij,2048,L3_O0_P2_kij_bco_2048,Runtime (RDTSC) [s] STAT,156.3988,39.0997,39.0997,39.0997,
L3,O0,2,ijk,512,L3_O0_P2_ijk_bco_512,Runtime (RDTSC) [s] STAT,185.3104,46.3276,46.3276,46.3276,
L3,O0,2,kij,1024,L3_O0_P2_kij_bco_1024,Runtime (RDTSC) [s] STAT,157.6780,39.4195,39.4195,39.4195,
L3,O0,2,jik,256,L3_O0_P2_jik_bco_256,Runtime (RDTSC) [s] STAT,177.5408,44.3852,44.3852,44.3852,
L3,O0,2,ijk,32,L3_O0_P2_ijk_bco_32,Runtime (RDTSC) [s] STAT,295.5084,73.8771,73.8771,73.8771,
L3,O0,2,kij,512,L3_O0_P2_kij_bco_512,Runtime (RDTSC) [s] STAT,160.4924,40.1231,40.1231,40.1231,
L3,O0,2,kji,1024,L3_O0_P2_kji_bco_1024,Runtime (RDTSC) [s] STAT,518.5756,129.6439,129.6439,129.6439,
L3,O0,2,ikj,0,L3_O0_P2_ikj,Runtime (RDTSC) [s] STAT,153.8924,38.4731,38.4731,38.4731,
L3,O0,2,ijk,1024,L3_O0_P2_ijk_bco_1024,Runtime (RDTSC) [s] STAT,285.7848,71.4462,71.4462,71.4462,
L3,O0,2,jik,64,L3_O0_P2_jik_bco_64,Runtime (RDTSC) [s] STAT,215.7812,53.9453,53.9453,53.9453,
L3,O0,4,ikj,1024,L3_O0_P4_ikj_bco_1024,Runtime (RDTSC) [s] STAT,98.2880,24.5720,24.5720,24.5720,
L3,O0,4,ijk,16,L3_O0_P4_ijk_bco_16,Runtime (RDTSC) [s] STAT,1101.1656,275.2914,275.2914,275.2914,
L3,O0,4,jik,1024,L3_O0_P4_jik_bco_1024,Runtime (RDTSC) [s] STAT,155.7640,38.9410,38.9410,38.9410,
L3,O0,4,jik,0,L3_O0_P4_jik,Runtime (RDTSC) [s] STAT,286.0332,71.5083,71.5083,71.5083,
L3,O0,4,ikj,32,L3_O0_P4_ikj_bco_32,Runtime (RDTSC) [s] STAT,579.2008,144.8002,144.8002,144.8002,
L3,O0,4,ikj,64,L3_O0_P4_ikj_bco_64,Runtime (RDTSC) [s] STAT,332.7876,83.1969,83.1969,83.1969,
L3,O0,4,kji,512,L3_O0_P4_kji_bco_512,Runtime (RDTSC) [s] STAT,146.6208,36.6552,36.6552,36.6552,
L3,O0,4,jik,2048,L3_O0_P4_jik_bco_2048,Runtime (RDTSC) [s] STAT,390.4560,97.6140,97.6140,97.6140,
L3,O0,4,kji,128,L3_O0_P4_kji_bco_128,Runtime (RDTSC) [s] STAT,210.8748,52.7187,52.7187,52.7187,
L3,O0,4,ijk,256,L3_O0_P4_ijk_bco_256,Runtime (RDTSC) [s] STAT,153.1176,38.2794,38.2794,38.2794,
L3,O0,4,jki,16,L3_O0_P4_jki_bco_16,Runtime (RDTSC) [s] STAT,1115.8556,278.9639,278.9639,278.9639,
L3,O0,4,jik,16,L3_O0_P4_jik_bco_16,Runtime (RDTSC) [s] STAT,1121.7012,280.4253,280.4253,280.4253,
L3,O0,4,ijk,128,L3_O0_P4_ijk_bco_128,Runtime (RDTSC) [s] STAT,211.5492,52.8873,52.8873,52.8873,
L3,O0,4,kij,128,L3_O0_P4_kij_bco_128,Runtime (RDTSC) [s] STAT,213.3264,53.3316,53.3316,53.3316,
L3,O0,4,jik,512,L3_O0_P4_jik_bco_512,Runtime (RDTSC) [s] STAT,128.0824,32.0206,32.0206,32.0206,
L3,O0,4,jki,2048,L3_O0_P4_jki_bco_2048,Runtime (RDTSC) [s] STAT,406.8364,101.7091,101.7091,101.7091,
L3,O0,4,ikj,256,L3_O0_P4_ikj_bco_256,Runtime (RDTSC) [s] STAT,145.1832,36.2958,36.2958,36.2958,
L3,O0,4,kji,16,L3_O0_P4_kji_bco_16,Runtime (RDTSC) [s] STAT,1172.2768,293.0692,293.0692,293.0692,
L3,O0,4,kij,64,L3_O0_P4_kij_bco_64,Runtime (RDTSC) [s] STAT,331.7932,82.9483,82.9483,82.9483,
L3,O0,4,kij,0,L3_O0_P4_kij,Runtime (RDTSC) [s] STAT,90.7108,22.6777,22.6777,22.6777,
L3,O0,4,jki,1024,L3_O0_P4_jki_bco_1024,Runtime (RDTSC) [s] STAT,196.2484,49.0621,49.0621,49.0621,
L3,O0,4,ijk,2048,L3_O0_P4_ijk_bco_2048,Runtime (RDTSC) [s] STAT,366.0108,91.5027,91.5027,91.5027,
L3,O0,4,ijk,64,L3_O0_P4_ijk_bco_64,Runtime (RDTSC) [s] STAT,333.8840,83.4710,83.4710,83.4710,
L3,O0,4,ikj,512,L3_O0_P4_ikj_bco_512,Runtime (RDTSC) [s] STAT,115.4148,28.8537,28.8537,28.8537,
L3,O0,4,kji,32,L3_O0_P4_kji_bco_32,Runtime (RDTSC) [s] STAT,576.2024,144.0506,144.0506,144.0506,
L3,O0,4,ikj,128,L3_O0_P4_ikj_bco_128,Runtime (RDTSC) [s] STAT,211.9752,52.9938,52.9938,52.9938,
L3,O0,4,kij,32,L3_O0_P4_kij_bco_32,Runtime (RDTSC) [s] STAT,595.8848,148.9712,148.9712,148.9712,
L3,O0,4,jki,0,L3_O0_P4_jki,Runtime (RDTSC) [s] STAT,478.5648,119.6412,119.6412,119.6412,
L3,O0,4,kji,0,L3_O0_P4_kji,Runtime (RDTSC) [s] STAT,477.5772,119.3943,119.3943,119.3943,
L3,O0,4,jki,256,L3_O0_P4_jki_bco_256,Runtime (RDTSC) [s] STAT,158.3672,39.5918,39.5918,39.5918,
L3,O0,4,jik,32,L3_O0_P4_jik_bco_32,Runtime (RDTSC) [s] STAT,594.2596,148.5649,148.5649,148.5649,
L3,O0,4,ikj,16,L3_O0_P4_ikj_bco_16,Runtime (RDTSC) [s] STAT,1134.9144,283.7286,283.7286,283.7286,
L3,O0,4,jki,512,L3_O0_P4_jki_bco_512,Runtime (RDTSC) [s] STAT,134.5492,33.6373,33.6373,33.6373,
L3,O0,4,kji,256,L3_O0_P4_kji_bco_256,Runtime (RDTSC) [s] STAT,157.2896,39.3224,39.3224,39.3224,
L3,O0,4,jki,64,L3_O0_P4_jki_bco_64,Runtime (RDTSC) [s] STAT,331.5768,82.8942,82.8942,82.8942,
L3,O0,4,kij,256,L3_O0_P4_kij_bco_256,Runtime (RDTSC) [s] STAT,144.8196,36.2049,36.2049,36.2049,
L3,O0,4,ikj,2048,L3_O0_P4_ikj_bco_2048,Runtime (RDTSC) [s] STAT,90.7348,22.6837,22.6837,22.6837,
L3,O0,4,ijk,0,L3_O0_P4_ijk,Runtime (RDTSC) [s] STAT,369.9188,92.4797,92.4797,92.4797,
L3,O0,4,jki,32,L3_O0_P4_jki_bco_32,Runtime (RDTSC) [s] STAT,598.4692,149.6173,149.6173,149.6173,
L3,O0,4,jki,128,L3_O0_P4_jki_bco_128,Runtime (RDTSC) [s] STAT,211.1492,52.7873,52.7873,52.7873,
L3,O0,4,kji,64,L3_O0_P4_kji_bco_64,Runtime (RDTSC) [s] STAT,338.4180,84.6045,84.6045,84.6045,
L3,O0,4,jik,128,L3_O0_P4_jik_bco_128,Runtime (RDTSC) [s] STAT,205.1264,51.2816,51.2816,51.2816,
L3,O0,4,kji,2048,L3_O0_P4_kji_bco_2048,Runtime (RDTSC) [s] STAT,484.5172,121.1293,121.1293,121.1293,
L3,O0,4,kij,16,L3_O0_P4_kij_bco_16,Runtime (RDTSC) [s] STAT,1105.2020,276.3005,276.3005,276.3005,
L3,O0,4,kij,2048,L3_O0_P4_kij_bco_2048,Runtime (RDTSC) [s] STAT,91.7256,22.9314,22.9314,22.9314,
L3,O0,4,ijk,512,L3_O0_P4_ijk_bco_512,Runtime (RDTSC) [s] STAT,129.5196,32.3799,32.3799,32.3799,
L3,O0,4,kij,1024,L3_O0_P4_kij_bco_1024,Runtime (RDTSC) [s] STAT,99.6408,24.9102,24.9102,24.9102,
L3,O0,4,jik,256,L3_O0_P4_jik_bco_256,Runtime (RDTSC) [s] STAT,150.4932,37.6233,37.6233,37.6233,
L3,O0,4,ijk,32,L3_O0_P4_ijk_bco_32,Runtime (RDTSC) [s] STAT,602.3408,150.5852,150.5852,150.5852,
L3,O0,4,kij,512,L3_O0_P4_kij_bco_512,Runtime (RDTSC) [s] STAT,114.5316,28.6329,28.6329,28.6329,
L3,O0,4,kji,1024,L3_O0_P4_kji_bco_1024,Runtime (RDTSC) [s] STAT,326.8772,81.7193,81.7193,81.7193,
L3,O0,4,ikj,0,L3_O0_P4_ikj,Runtime (RDTSC) [s] STAT,90.1336,22.5334,22.5334,22.5334,
L3,O0,4,ijk,1024,L3_O0_P4_ijk_bco_1024,Runtime (RDTSC) [s] STAT,154.9244,38.7311,38.7311,38.7311,
L3,O0,4,jik,64,L3_O0_P4_jik_bco_64,Runtime (RDTSC) [s] STAT,325.1888,81.2972,81.2972,81.2972,
L3,O3,4,ikj,1024,L3_O3_P4_ikj_bco_1024,Runtime (RDTSC) [s] STAT,16.6240,4.1560,4.1560,4.1560,
L3,O3,4,ijk,16,L3_O3_P4_ijk_bco_16,Runtime (RDTSC) [s] STAT,946.5280,236.6320,236.6320,236.6320,
L3,O3,4,jik,1024,L3_O3_P4_jik_bco_1024,Runtime (RDTSC) [s] STAT,44.6028,11.1507,11.1507,11.1507,
L3,O3,4,jik,0,L3_O3_P4_jik,Runtime (RDTSC) [s] STAT,117.6324,29.4081,29.4081,29.4081,
L3,O3,4,ikj,32,L3_O3_P4_ikj_bco_32,Runtime (RDTSC) [s] STAT,481.6904,120.4226,120.4226,120.4226,
L3,O3,4,ikj,64,L3_O3_P4_ikj_bco_64,Runtime (RDTSC) [s] STAT,232.9588,58.2397,58.2397,58.2397,
L3,O3,4,kji,512,L3_O3_P4_kji_bco_512,Runtime (RDTSC) [s] STAT,79.1436,19.7859,19.7859,19.7859,
L3,O3,4,jik,2048,L3_O3_P4_jik_bco_2048,Runtime (RDTSC) [s] STAT,112.2252,28.0563,28.0563,28.0563,
L3,O3,4,kji,128,L3_O3_P4_kji_bco_128,Runtime (RDTSC) [s] STAT,117.1808,29.2952,29.2952,29.2952,
L3,O3,4,ijk,256,L3_O3_P4_ijk_bco_256,Runtime (RDTSC) [s] STAT,73.0840,18.2710,18.2710,18.2710,
L3,O3,4,jki,16,L3_O3_P4_jki_bco_16,Runtime (RDTSC) [s] STAT,990.9076,247.7269,247.7269,247.7269,
L3,O3,4,jik,16,L3_O3_P4_jik_bco_16,Runtime (RDTSC) [s] STAT,948.3788,237.0947,237.0947,237.0947,
L3,O3,4,ijk,128,L3_O3_P4_ijk_bco_128,Runtime (RDTSC) [s] STAT,130.8536,32.7134,32.7134,32.7134,
L3,O3,4,kij,128,L3_O3_P4_kij_bco_128,Runtime (RDTSC) [s] STAT,118.8596,29.7149,29.7149,29.7149,
L3,O3,4,jik,512,L3_O3_P4_jik_bco_512,Runtime (RDTSC) [s] STAT,45.5124,11.3781,11.3781,11.3781,
L3,O3,4,jki,2048,L3_O3_P4_jki_bco_2048,Runtime (RDTSC) [s] STAT,251.9772,62.9943,62.9943,62.9943,
L3,O3,4,ikj,256,L3_O3_P4_ikj_bco_256,Runtime (RDTSC) [s] STAT,60.4244,15.1061,15.1061,15.1061,
L3,O3,4,kji,16,L3_O3_P4_kji_bco_16,Runtime (RDTSC) [s] STAT,995.8588,248.9647,248.9647,248.9647,
L3,O3,4,kij,64,L3_O3_P4_kij_bco_64,Runtime (RDTSC) [s] STAT,237.4864,59.3716,59.3716,59.3716,
L3,O3,4,kij,0,L3_O3_P4_kij,Runtime (RDTSC) [s] STAT,21.4316,5.3579,5.3579,5.3579,
L3,O3,4,jki,1024,L3_O3_P4_jki_bco_1024,Runtime (RDTSC) [s] STAT,144.1532,36.0383,36.0383,36.0383,
L3,O3,4,ijk,2048,L3_O3_P4_ijk_bco_2048,Runtime (RDTSC) [s] STAT,99.0432,24.7608,24.7608,24.7608,
L3,O3,4,ijk,64,L3_O3_P4_ijk_bco_64,Runtime (RDTSC) [s] STAT,240.3832,60.0958,60.0958,60.0958,
L3,O3,4,ikj,512,L3_O3_P4_ikj_bco_512,Runtime (RDTSC) [s] STAT,31.1844,7.7961,7.7961,7.7961,
L3,O3,4,kji,32,L3_O3_P4_kji_bco_32,Runtime (RDTSC) [s] STAT,470.9228,117.7307,117.7307,117.7307,
L3,O3,4,ikj,128,L3_O3_P4_ikj_bco_128,Runtime (RDTSC) [s] STAT,122.3860,30.5965,30.5965,30.5965,
L3,O3,4,kij,32,L3_O3_P4_kij_bco_32,Runtime (RDTSC) [s] STAT,483.7616,120.9404,120.9404,120.9404,
L3,O3,4,jki,0,L3_O3_P4_jki,Runtime (RDTSC) [s] STAT,251.9860,62.9965,62.9965,62.9965,
L3,O3,4,kji,0,L3_O3_P4_kji,Runtime (RDTSC) [s] STAT,259.2380,64.8095,64.8095,64.8095,
L3,O3,4,jki,256,L3_O3_P4_jki_bco_256,Runtime (RDTSC) [s] STAT,79.4532,19.8633,19.8633,19.8633,
L3,O3,4,jik,32,L3_O3_P4_jik_bco_32,Runtime (RDTSC) [s] STAT,472.7300,118.1825,118.1825,118.1825,
L3,O3,4,ikj,16,L3_O3_P4_ikj_bco_16,Runtime (RDTSC) [s] STAT,940.3080,235.0770,235.0770,235.0770,
L3,O3,4,jki,512,L3_O3_P4_jki_bco_512,Runtime (RDTSC) [s] STAT,78.5848,19.6462,19.6462,19.6462,
L3,O3,4,kji,256,L3_O3_P4_kji_bco_256,Runtime (RDTSC) [s] STAT,95.5656,23.8914,23.8914,23.8914,
L3,O3,4,jki,64,L3_O3_P4_jki_bco_64,Runtime (RDTSC) [s] STAT,243.4584,60.8646,60.8646,60.8646,
L3,O3,4,kij,256,L3_O3_P4_kij_bco_256,Runtime (RDTSC) [s] STAT,61.8476,15.4619,15.4619,15.4619,
L3,O3,4,ikj,2048,L3_O3_P4_ikj_bco_2048,Runtime (RDTSC) [s] STAT,10.9108,2.7277,2.7277,2.7277,
L3,O3,4,ijk,0,L3_O3_P4_ijk,Runtime (RDTSC) [s] STAT,108.1664,27.0416,27.0416,27.0416,
L3,O3,4,jki,32,L3_O3_P4_jki_bco_32,Runtime (RDTSC) [s] STAT,472.3800,118.0950,118.0950,118.0950,
L3,O3,4,jki,128,L3_O3_P4_jki_bco_128,Runtime (RDTSC) [s] STAT,140.5576,35.1394,35.1394,35.1394,
L3,O3,4,kji,64,L3_O3_P4_kji_bco_64,Runtime (RDTSC) [s] STAT,240.6456,60.1614,60.1614,60.1614,
L3,O3,4,jik,128,L3_O3_P4_jik_bco_128,Runtime (RDTSC) [s] STAT,127.6560,31.9140,31.9140,31.9140,
L3,O3,4,kji,2048,L3_O3_P4_kji_bco_2048,Runtime (RDTSC) [s] STAT,324.9372,81.2343,81.2343,81.2343,
L3,O3,4,kij,16,L3_O3_P4_kij_bco_16,Runtime (RDTSC) [s] STAT,939.4608,234.8652,234.8652,234.8652,
L3,O3,4,kij,2048,L3_O3_P4_kij_bco_2048,Runtime (RDTSC) [s] STAT,19.9884,4.9971,4.9971,4.9971,
L3,O3,4,ijk,512,L3_O3_P4_ijk_bco_512,Runtime (RDTSC) [s] STAT,45.0424,11.2606,11.2606,11.2606,
L3,O3,4,kij,1024,L3_O3_P4_kij_bco_1024,Runtime (RDTSC) [s] STAT,28.4820,7.1205,7.1205,7.1205,
L3,O3,4,jik,256,L3_O3_P4_jik_bco_256,Runtime (RDTSC) [s] STAT,59.3692,14.8423,14.8423,14.8423,
L3,O3,4,ijk,32,L3_O3_P4_ijk_bco_32,Runtime (RDTSC) [s] STAT,386.0084,96.5021,96.5021,96.5021,
L3,O3,4,kij,512,L3_O3_P4_kij_bco_512,Runtime (RDTSC) [s] STAT,32.4288,8.1072,8.1072,8.1072,
L3,O3,4,kji,1024,L3_O3_P4_kji_bco_1024,Runtime (RDTSC) [s] STAT,148.7488,37.1872,37.1872,37.1872,
L3,O3,4,ikj,0,L3_O3_P4_ikj,Runtime (RDTSC) [s] STAT,10.8164,2.7041,2.7041,2.7041,
L3,O3,4,ijk,1024,L3_O3_P4_ijk_bco_1024,Runtime (RDTSC) [s] STAT,45.6284,11.4071,11.4071,11.4071,
L3,O3,4,jik,64,L3_O3_P4_jik_bco_64,Runtime (RDTSC) [s] STAT,240.4024,60.1006,60.1006,60.1006,
L3,O2,4,ikj,1024,L3_O2_P4_ikj_bco_1024,Runtime (RDTSC) [s] STAT,21.4728,5.3682,5.3682,5.3682,
L3,O2,4,ijk,16,L3_O2_P4_ijk_bco_16,Runtime (RDTSC) [s] STAT,993.5016,248.3754,248.3754,248.3754,
L3,O2,4,jik,1024,L3_O2_P4_jik_bco_1024,Runtime (RDTSC) [s] STAT,41.3104,10.3276,10.3276,10.3276,
L3,O2,4,jik,0,L3_O2_P4_jik,Runtime (RDTSC) [s] STAT,120.6056,30.1514,30.1514,30.1514,
L3,O2,4,ikj,32,L3_O2_P4_ikj_bco_32,Runtime (RDTSC) [s] STAT,474.0892,118.5223,118.5223,118.5223,
L3,O2,4,ikj,64,L3_O2_P4_ikj_bco_64,Runtime (RDTSC) [s] STAT,193.0136,48.2534,48.2534,48.2534,
L3,O2,4,kji,512,L3_O2_P4_kji_bco_512,Runtime (RDTSC) [s] STAT,79.1544,19.7886,19.7886,19.7886,
L3,O2,4,jik,2048,L3_O2_P4_jik_bco_2048,Runtime (RDTSC) [s] STAT,104.7948,26.1987,26.1987,26.1987,
L3,O2,4,kji,128,L3_O2_P4_kji_bco_128,Runtime (RDTSC) [s] STAT,140.8164,35.2041,35.2041,35.2041,
L3,O2,4,ijk,256,L3_O2_P4_ijk_bco_256,Runtime (RDTSC) [s] STAT,70.5340,17.6335,17.6335,17.6335,
L3,O2,4,jki,16,L3_O2_P4_jki_bco_16,Runtime (RDTSC) [s] STAT,944.1312,236.0328,236.0328,236.0328,
L3,O2,4,jik,16,L3_O2_P4_jik_bco_16,Runtime (RDTSC) [s] STAT,998.4292,249.6073,249.6073,249.6073,
L3,O2,4,ijk,128,L3_O2_P4_ijk_bco_128,Runtime (RDTSC) [s] STAT,131.1944,32.7986,32.7986,32.7986,
L3,O2,4,kij,128,L3_O2_P4_kij_bco_128,Runtime (RDTSC) [s] STAT,126.2060,31.5515,31.5515,31.5515,
L3,O2,4,jik,512,L3_O2_P4_jik_bco_512,Runtime (RDTSC) [s] STAT,44.2872,11.0718,11.0718,11.0718,
L3,O2,4,jki,2048,L3_O2_P4_jki_bco_2048,Runtime (RDTSC) [s] STAT,255.5876,63.8969,63.8969,63.8969,
L3,O2,4,ikj,256,L3_O2_P4_ikj_bco_256,Runtime (RDTSC) [s] STAT,65.4796,16.3699,16.3699,16.3699,
L3,O2,4,kji,16,L3_O2_P4_kji_bco_16,Runtime (RDTSC) [s] STAT,938.9368,234.7342,234.7342,234.7342,
L3,O2,4,kij,64,L3_O2_P4_kij_bco_64,Runtime (RDTSC) [s] STAT,193.0504,48.2626,48.2626,48.2626,
L3,O2,4,kij,0,L3_O2_P4_kij,Runtime (RDTSC) [s] STAT,21.4968,5.3742,5.3742,5.3742,
L3,O2,4,jki,1024,L3_O2_P4_jki_bco_1024,Runtime (RDTSC) [s] STAT,145.0848,36.2712,36.2712,36.2712,
L3,O2,4,ijk,2048,L3_O2_P4_ijk_bco_2048,Runtime (RDTSC) [s] STAT,99.1200,24.7800,24.7800,24.7800,
L3,O2,4,ijk,64,L3_O2_P4_ijk_bco_64,Runtime (RDTSC) [s] STAT,195.8072,48.9518,48.9518,48.9518,
L3,O2,4,ikj,512,L3_O2_P4_ikj_bco_512,Runtime (RDTSC) [s] STAT,35.7692,8.9423,8.9423,8.9423,
L3,O2,4,kji,32,L3_O2_P4_kji_bco_32,Runtime (RDTSC) [s] STAT,387.8572,96.9643,96.9643,96.9643,
L3,O2,4,ikj,128,L3_O2_P4_ikj_bco_128,Runtime (RDTSC) [s] STAT,123.1992,30.7998,30.7998,30.7998,
L3,O2,4,kij,32,L3_O2_P4_kij_bco_32,Runtime (RDTSC) [s] STAT,472.3640,118.0910,118.0910,118.0910,
L3,O2,4,jki,0,L3_O2_P4_jki,Runtime (RDTSC) [s] STAT,265.4320,66.3580,66.3580,66.3580,
L3,O2,4,kji,0,L3_O2_P4_kji,Runtime (RDTSC) [s] STAT,260.3956,65.0989,65.0989,65.0989,
L3,O2,4,jki,256,L3_O2_P4_jki_bco_256,Runtime (RDTSC) [s] STAT,94.3584,23.5896,23.5896,23.5896,
L3,O2,4,jik,32,L3_O2_P4_jik_bco_32,Runtime (RDTSC) [s] STAT,491.9632,122.9908,122.9908,122.9908,
L3,O2,4,ikj,16,L3_O2_P4_ikj_bco_16,Runtime (RDTSC) [s] STAT,997.4976,249.3744,249.3744,249.3744,
L3,O2,4,jki,512,L3_O2_P4_jki_bco_512,Runtime (RDTSC) [s] STAT,77.6524,19.4131,19.4131,19.4131,
L3,O2,4,kji,256,L3_O2_P4_kji_bco_256,Runtime (RDTSC) [s] STAT,93.5676,23.3919,23.3919,23.3919,
L3,O2,4,jki,64,L3_O2_P4_jki_bco_64,Runtime (RDTSC) [s] STAT,244.0652,61.0163,61.0163,61.0163,
L3,O2,4,kij,256,L3_O2_P4_kij_bco_256,Runtime (RDTSC) [s] STAT,65.8056,16.4514,16.4514,16.4514,
L3,O2,4,ikj,2048,L3_O2_P4_ikj_bco_2048,Runtime (RDTSC) [s] STAT,14.5744,3.6436,3.6436,3.6436,
L3,O2,4,ijk,0,L3_O2_P4_ijk,Runtime (RDTSC) [s] STAT,106.1128,26.5282,26.5282,26.5282,
L3,O2,4,jki,32,L3_O2_P4_jki_bco_32,Runtime (RDTSC) [s] STAT,488.3912,122.0978,122.0978,122.0978,
L3,O2,4,jki,128,L3_O2_P4_jki_bco_128,Runtime (RDTSC) [s] STAT,138.0692,34.5173,34.5173,34.5173,
L3,O2,4,kji,64,L3_O2_P4_kji_bco_64,Runtime (RDTSC) [s] STAT,246.6916,61.6729,61.6729,61.6729,
L3,O2,4,jik,128,L3_O2_P4_jik_bco_128,Runtime (RDTSC) [s] STAT,131.5908,32.8977,32.8977,32.8977,
L3,O2,4,kji,2048,L3_O2_P4_kji_bco_2048,Runtime (RDTSC) [s] STAT,285.0172,71.2543,71.2543,71.2543,
L3,O2,4,kij,16,L3_O2_P4_kij_bco_16,Runtime (RDTSC) [s] STAT,1002.9612,250.7403,250.7403,250.7403,
L3,O2,4,kij,2048,L3_O2_P4_kij_bco_2048,Runtime (RDTSC) [s] STAT,21.4552,5.3638,5.3638,5.3638,
L3,O2,4,ijk,512,L3_O2_P4_ijk_bco_512,Runtime (RDTSC) [s] STAT,45.1748,11.2937,11.2937,11.2937,
L3,O2,4,kij,1024,L3_O2_P4_kij_bco_1024,Runtime (RDTSC) [s] STAT,26.7036,6.6759,6.6759,6.6759,
L3,O2,4,jik,256,L3_O2_P4_jik_bco_256,Runtime (RDTSC) [s] STAT,57.1492,14.2873,14.2873,14.2873,
L3,O2,4,ijk,32,L3_O2_P4_ijk_bco_32,Runtime (RDTSC) [s] STAT,475.4676,118.8669,118.8669,118.8669,
L3,O2,4,kij,512,L3_O2_P4_kij_bco_512,Runtime (RDTSC) [s] STAT,35.7908,8.9477,8.9477,8.9477,
L3,O2,4,kji,1024,L3_O2_P4_kji_bco_1024,Runtime (RDTSC) [s] STAT,151.0272,37.7568,37.7568,37.7568,
L3,O2,4,ikj,0,L3_O2_P4_ikj,Runtime (RDTSC) [s] STAT,14.5576,3.6394,3.6394,3.6394,
L3,O2,4,ijk,1024,L3_O2_P4_ijk_bco_1024,Runtime (RDTSC) [s] STAT,41.8660,10.4665,10.4665,10.4665,
L3,O2,4,jik,64,L3_O2_P4_jik_bco_64,Runtime (RDTSC) [s] STAT,247.1736,61.7934,61.7934,61.7934,
L3,O1,4,ikj,1024,L3_O1_P4_ikj_bco_1024,Runtime (RDTSC) [s] STAT,23.4292,5.8573,5.8573,5.8573,
L3,O1,4,ijk,16,L3_O1_P4_ijk_bco_16,Runtime (RDTSC) [s] STAT,1006.4996,251.6249,251.6249,251.6249,
L3,O1,4,jik,1024,L3_O1_P4_jik_bco_1024,Runtime (RDTSC) [s] STAT,43.9804,10.9951,10.9951,10.9951,
L3,O1,4,jik,0,L3_O1_P4_jik,Runtime (RDTSC) [s] STAT,126.5856,31.6464,31.6464,31.6464,
L3,O1,4,ikj,32,L3_O1_P4_ikj_bco_32,Runtime (RDTSC) [s] STAT,462.4792,115.6198,115.6198,115.6198,
L3,O1,4,ikj,64,L3_O1_P4_ikj_bco_64,Runtime (RDTSC) [s] STAT,246.2972,61.5743,61.5743,61.5743,
L3,O1,4,kji,512,L3_O1_P4_kji_bco_512,Runtime (RDTSC) [s] STAT,70.3364,17.5841,17.5841,17.5841,
L3,O1,4,jik,2048,L3_O1_P4_jik_bco_2048,Runtime (RDTSC) [s] STAT,104.9208,26.2302,26.2302,26.2302,
L3,O1,4,kji,128,L3_O1_P4_kji_bco_128,Runtime (RDTSC) [s] STAT,139.8404,34.9601,34.9601,34.9601,
L3,O1,4,ijk,256,L3_O1_P4_ijk_bco_256,Runtime (RDTSC) [s] STAT,81.9332,20.4833,20.4833,20.4833,
L3,O1,4,jki,16,L3_O1_P4_jki_bco_16,Runtime (RDTSC) [s] STAT,1013.0388,253.2597,253.2597,253.2597,
L3,O1,4,jik,16,L3_O1_P4_jik_bco_16,Runtime (RDTSC) [s] STAT,811.6008,202.9002,202.9002,202.9002,
L3,O1,4,ijk,128,L3_O1_P4_ijk_bco_128,Runtime (RDTSC) [s] STAT,140.1784,35.0446,35.0446,35.0446,
L3,O1,4,kij,128,L3_O1_P4_kij_bco_128,Runtime (RDTSC) [s] STAT,127.1928,31.7982,31.7982,31.7982,
L3,O1,4,jik,512,L3_O1_P4_jik_bco_512,Runtime (RDTSC) [s] STAT,53.7876,13.4469,13.4469,13.4469,
L3,O1,4,jki,2048,L3_O1_P4_jki_bco_2048,Runtime (RDTSC) [s] STAT,252.9232,63.2308,63.2308,63.2308,
L3,O1,4,ikj,256,L3_O1_P4_ikj_bco_256,Runtime (RDTSC) [s] STAT,66.6756,16.6689,16.6689,16.6689,
L3,O1,4,kji,16,L3_O1_P4_kji_bco_16,Runtime (RDTSC) [s] STAT,1001.8740,250.4685,250.4685,250.4685,
L3,O1,4,kij,64,L3_O1_P4_kij_bco_64,Runtime (RDTSC) [s] STAT,196.6380,49.1595,49.1595,49.1595,
L3,O1,4,kij,0,L3_O1_P4_kij,Runtime (RDTSC) [s] STAT,19.7468,4.9367,4.9367,4.9367,
L3,O1,4,jki,1024,L3_O1_P4_jki_bco_1024,Runtime (RDTSC) [s] STAT,150.4256,37.6064,37.6064,37.6064,
L3,O1,4,ijk,2048,L3_O1_P4_ijk_bco_2048,Runtime (RDTSC) [s] STAT,102.3656,25.5914,25.5914,25.5914,
L3,O1,4,ijk,64,L3_O1_P4_ijk_bco_64,Runtime (RDTSC) [s] STAT,206.3584,51.5896,51.5896,51.5896,
L3,O1,4,ikj,512,L3_O1_P4_ikj_bco_512,Runtime (RDTSC) [s] STAT,32.8472,8.2118,8.2118,8.2118,
L3,O1,4,kji,32,L3_O1_P4_kji_bco_32,Runtime (RDTSC) [s] STAT,494.7764,123.6941,123.6941,123.6941,
L3,O1,4,ikj,128,L3_O1_P4_ikj_bco_128,Runtime (RDTSC) [s] STAT,104.1452,26.0363,26.0363,26.0363,
L3,O1,4,kij,32,L3_O1_P4_kij_bco_32,Runtime (RDTSC) [s] STAT,389.4572,97.3643,97.3643,97.3643,
L3,O1,4,jki,0,L3_O1_P4_jki,Runtime (RDTSC) [s] STAT,260.7308,65.1827,65.1827,65.1827,
L3,O1,4,kji,0,L3_O1_P4_kji,Runtime (RDTSC) [s] STAT,258.4124,64.6031,64.6031,64.6031,
L3,O1,4,jki,256,L3_O1_P4_jki_bco_256,Runtime (RDTSC) [s] STAT,94.0612,23.5153,23.5153,23.5153,
L3,O1,4,jik,32,L3_O1_P4_jik_bco_32,Runtime (RDTSC) [s] STAT,500.8996,125.2249,125.2249,125.2249,
L3,O1,4,ikj,16,L3_O1_P4_ikj_bco_16,Runtime (RDTSC) [s] STAT,993.8164,248.4541,248.4541,248.4541,
L3,O1,4,jki,512,L3_O1_P4_jki_bco_512,Runtime (RDTSC) [s] STAT,70.8356,17.7089,17.7089,17.7089,
L3,O1,4,kji,256,L3_O1_P4_kji_bco_256,Runtime (RDTSC) [s] STAT,93.1640,23.2910,23.2910,23.2910,
L3,O1,4,jki,64,L3_O1_P4_jki_bco_64,Runtime (RDTSC) [s] STAT,198.4948,49.6237,49.6237,49.6237,
L3,O1,4,kij,256,L3_O1_P4_kij_bco_256,Runtime (RDTSC) [s] STAT,67.6560,16.9140,16.9140,16.9140,
L3,O1,4,ikj,2048,L3_O1_P4_ikj_bco_2048,Runtime (RDTSC) [s] STAT,16.5824,4.1456,4.1456,4.1456,
L3,O1,4,ijk,0,L3_O1_P4_ijk,Runtime (RDTSC) [s] STAT,120.3320,30.0830,30.0830,30.0830,
L3,O1,4,jki,32,L3_O1_P4_jki_bco_32,Runtime (RDTSC) [s] STAT,391.8356,97.9589,97.9589,97.9589,
L3,O1,4,jki,128,L3_O1_P4_jki_bco_128,Runtime (RDTSC) [s] STAT,140.2656,35.0664,35.0664,35.0664,
L3,O1,4,kji,64,L3_O1_P4_kji_bco_64,Runtime (RDTSC) [s] STAT,248.5540,62.1385,62.1385,62.1385,
L3,O1,4,jik,128,L3_O1_P4_jik_bco_128,Runtime (RDTSC) [s] STAT,143.1812,35.7953,35.7953,35.7953,
L3,O1,4,kji,2048,L3_O1_P4_kji_bco_2048,Runtime (RDTSC) [s] STAT,343.8104,85.9526,85.9526,85.9526,
L3,O1,4,kij,16,L3_O1_P4_kij_bco_16,Runtime (RDTSC) [s] STAT,999.1200,249.7800,249.7800,249.7800,
L3,O1,4,kij,2048,L3_O1_P4_kij_bco_2048,Runtime (RDTSC) [s] STAT,21.6640,5.4160,5.4160,5.4160,
L3,O1,4,ijk,512,L3_O1_P4_ijk_bco_512,Runtime (RDTSC) [s] STAT,46.4860,11.6215,11.6215,11.6215,
L3,O1,4,kij,1024,L3_O1_P4_kij_bco_1024,Runtime (RDTSC) [s] STAT,25.5504,6.3876,6.3876,6.3876,
L3,O1,4,jik,256,L3_O1_P4_jik_bco_256,Runtime (RDTSC) [s] STAT,82.6756,20.6689,20.6689,20.6689,
L3,O1,4,ijk,32,L3_O1_P4_ijk_bco_32,Runtime (RDTSC) [s] STAT,500.0664,125.0166,125.0166,125.0166,
L3,O1,4,kij,512,L3_O1_P4_kij_bco_512,Runtime (RDTSC) [s] STAT,38.7092,9.6773,9.6773,9.6773,
L3,O1,4,kji,1024,L3_O1_P4_kji_bco_1024,Runtime (RDTSC) [s] STAT,156.2696,39.0674,39.0674,39.0674,
L3,O1,4,ikj,0,L3_O1_P4_ikj,Runtime (RDTSC) [s] STAT,16.9292,4.2323,4.2323,4.2323,
L3,O1,4,ijk,1024,L3_O1_P4_ijk_bco_1024,Runtime (RDTSC) [s] STAT,46.5924,11.6481,11.6481,11.6481,
L3,O1,4,jik,64,L3_O1_P4_jik_bco_64,Runtime (RDTSC) [s] STAT,258.4168,64.6042,64.6042,64.6042,
L3,O2,2,ikj,1024,L3_O2_P2_ikj_bco_1024,Runtime (RDTSC) [s] STAT,15.2828,3.8207,3.8207,3.8207,
L3,O2,2,ijk,16,L3_O2_P2_ijk_bco_16,Runtime (RDTSC) [s] STAT,238.0672,59.5168,59.5168,59.5168,
L3,O2,2,jik,1024,L3_O2_P2_jik_bco_1024,Runtime (RDTSC) [s] STAT,51.1688,12.7922,12.7922,12.7922,
L3,O2,2,jik,0,L3_O2_P2_jik,Runtime (RDTSC) [s] STAT,177.0832,44.2708,44.2708,44.2708,
L3,O2,2,ikj,32,L3_O2_P2_ikj_bco_32,Runtime (RDTSC) [s] STAT,112.2532,28.0633,28.0633,28.0633,
L3,O2,2,ikj,64,L3_O2_P2_ikj_bco_64,Runtime (RDTSC) [s] STAT,63.4704,15.8676,15.8676,15.8676,
L3,O2,2,kji,512,L3_O2_P2_kji_bco_512,Runtime (RDTSC) [s] STAT,102.0860,25.5215,25.5215,25.5215,
L3,O2,2,jik,2048,L3_O2_P2_jik_bco_2048,Runtime (RDTSC) [s] STAT,167.0692,41.7673,41.7673,41.7673,
L3,O2,2,kji,128,L3_O2_P2_kji_bco_128,Runtime (RDTSC) [s] STAT,71.3640,17.8410,17.8410,17.8410,
L3,O2,2,ijk,256,L3_O2_P2_ijk_bco_256,Runtime (RDTSC) [s] STAT,37.2936,9.3234,9.3234,9.3234,
L3,O2,2,jki,16,L3_O2_P2_jki_bco_16,Runtime (RDTSC) [s] STAT,243.1756,60.7939,60.7939,60.7939,
L3,O2,2,jik,16,L3_O2_P2_jik_bco_16,Runtime (RDTSC) [s] STAT,235.9052,58.9763,58.9763,58.9763,
L3,O2,2,ijk,128,L3_O2_P2_ijk_bco_128,Runtime (RDTSC) [s] STAT,50.9844,12.7461,12.7461,12.7461,
L3,O2,2,kij,128,L3_O2_P2_kij_bco_128,Runtime (RDTSC) [s] STAT,37.3892,9.3473,9.3473,9.3473,
L3,O2,2,jik,512,L3_O2_P2_jik_bco_512,Runtime (RDTSC) [s] STAT,37.0792,9.2698,9.2698,9.2698,
L3,O2,2,jki,2048,L3_O2_P2_jki_bco_2048,Runtime (RDTSC) [s] STAT,296.2320,74.0580,74.0580,74.0580,
L3,O2,2,ikj,256,L3_O2_P2_ikj_bco_256,Runtime (RDTSC) [s] STAT,24.5980,6.1495,6.1495,6.1495,
L3,O2,2,kji,16,L3_O2_P2_kji_bco_16,Runtime (RDTSC) [s] STAT,235.4996,58.8749,58.8749,58.8749,
L3,O2,2,kij,64,L3_O2_P2_kij_bco_64,Runtime (RDTSC) [s] STAT,68.3200,17.0800,17.0800,17.0800,
L3,O2,2,kij,0,L3_O2_P2_kij,Runtime (RDTSC) [s] STAT,15.8080,3.9520,3.9520,3.9520,
L3,O2,2,jki,1024,L3_O2_P2_jki_bco_1024,Runtime (RDTSC) [s] STAT,246.9996,61.7499,61.7499,61.7499,
L3,O2,2,ijk,2048,L3_O2_P2_ijk_bco_2048,Runtime (RDTSC) [s] STAT,160.3404,40.0851,40.0851,40.0851,
L3,O2,2,ijk,64,L3_O2_P2_ijk_bco_64,Runtime (RDTSC) [s] STAT,73.3376,18.3344,18.3344,18.3344,
L3,O2,2,ikj,512,L3_O2_P2_ikj_bco_512,Runtime (RDTSC) [s] STAT,19.8176,4.9544,4.9544,4.9544,
L3,O2,2,kji,32,L3_O2_P2_kji_bco_32,Runtime (RDTSC) [s] STAT,129.3164,32.3291,32.3291,32.3291,
L3,O2,2,ikj,128,L3_O2_P2_ikj_bco_128,Runtime (RDTSC) [s] STAT,41.1736,10.2934,10.2934,10.2934,
L3,O2,2,kij,32,L3_O2_P2_kij_bco_32,Runtime (RDTSC) [s] STAT,115.9436,28.9859,28.9859,28.9859,
L3,O2,2,jki,0,L3_O2_P2_jki,Runtime (RDTSC) [s] STAT,362.4036,90.6009,90.6009,90.6009,
L3,O2,2,kji,0,L3_O2_P2_kji,Runtime (RDTSC) [s] STAT,332.8400,83.2100,83.2100,83.2100,
L3,O2,2,jki,256,L3_O2_P2_jki_bco_256,Runtime (RDTSC) [s] STAT,76.4432,19.1108,19.1108,19.1108,
L3,O2,2,jik,32,L3_O2_P2_jik_bco_32,Runtime (RDTSC) [s] STAT,140.4936,35.1234,35.1234,35.1234,
L3,O2,2,ikj,16,L3_O2_P2_ikj_bco_16,Runtime (RDTSC) [s] STAT,194.0844,48.5211,48.5211,48.5211,
L3,O2,2,jki,512,L3_O2_P2_jki_bco_512,Runtime (RDTSC) [s] STAT,99.0924,24.7731,24.7731,24.7731,
L3,O2,2,kji,256,L3_O2_P2_kji_bco_256,Runtime (RDTSC) [s] STAT,74.5720,18.6430,18.6430,18.6430,
L3,O2,2,jki,64,L3_O2_P2_jki_bco_64,Runtime (RDTSC) [s] STAT,55.7204,13.9301,13.9301,13.9301,
L3,O2,2,kij,256,L3_O2_P2_kij_bco_256,Runtime (RDTSC) [s] STAT,25.5988,6.3997,6.3997,6.3997,
L3,O2,2,ikj,2048,L3_O2_P2_ikj_bco_2048,Runtime (RDTSC) [s] STAT,14.2648,3.5662,3.5662,3.5662,
L3,O2,2,ijk,0,L3_O2_P2_ijk,Runtime (RDTSC) [s] STAT,164.3676,41.0919,41.0919,41.0919,
L3,O2,2,jki,32,L3_O2_P2_jki_bco_32,Runtime (RDTSC) [s] STAT,124.0376,31.0094,31.0094,31.0094,
L3,O2,2,jki,128,L3_O2_P2_jki_bco_128,Runtime (RDTSC) [s] STAT,68.0468,17.0117,17.0117,17.0117,
L3,O2,2,kji,64,L3_O2_P2_kji_bco_64,Runtime (RDTSC) [s] STAT,75.0992,18.7748,18.7748,18.7748,
L3,O2,2,jik,128,L3_O2_P2_jik_bco_128,Runtime (RDTSC) [s] STAT,40.7088,10.1772,10.1772,10.1772,
L3,O2,2,kji,2048,L3_O2_P2_kji_bco_2048,Runtime (RDTSC) [s] STAT,351.6124,87.9031,87.9031,87.9031,
L3,O2,2,kij,16,L3_O2_P2_kij_bco_16,Runtime (RDTSC) [s] STAT,197.9660,49.4915,49.4915,49.4915,
L3,O2,2,kij,2048,L3_O2_P2_kij_bco_2048,Runtime (RDTSC) [s] STAT,16.2152,4.0538,4.0538,4.0538,
L3,O2,2,ijk,512,L3_O2_P2_ijk_bco_512,Runtime (RDTSC) [s] STAT,36.3016,9.0754,9.0754,9.0754,
L3,O2,2,kij,1024,L3_O2_P2_kij_bco_1024,Runtime (RDTSC) [s] STAT,17.4072,4.3518,4.3518,4.3518,
L3,O2,2,jik,256,L3_O2_P2_jik_bco_256,Runtime (RDTSC) [s] STAT,36.0800,9.0200,9.0200,9.0200,
L3,O2,2,ijk,32,L3_O2_P2_ijk_bco_32,Runtime (RDTSC) [s] STAT,127.6888,31.9222,31.9222,31.9222,
L3,O2,2,kij,512,L3_O2_P2_kij_bco_512,Runtime (RDTSC) [s] STAT,20.8668,5.2167,5.2167,5.2167,
L3,O2,2,kji,1024,L3_O2_P2_kji_bco_1024,Runtime (RDTSC) [s] STAT,249.6576,62.4144,62.4144,62.4144,
L3,O2,2,ikj,0,L3_O2_P2_ikj,Runtime (RDTSC) [s] STAT,13.7736,3.4434,3.4434,3.4434,
L3,O2,2,ijk,1024,L3_O2_P2_ijk_bco_1024,Runtime (RDTSC) [s] STAT,52.0424,13.0106,13.0106,13.0106,
L3,O2,2,jik,64,L3_O2_P2_jik_bco_64,Runtime (RDTSC) [s] STAT,60.4356,15.1089,15.1089,15.1089,
L3,O1,1,ikj,1024,L3_O1_P1_ikj_bco_1024,Runtime (RDTSC) [s] STAT,36.7812,9.1953,9.1953,9.1953,
L3,O1,1,ijk,16,L3_O1_P1_ijk_bco_16,Runtime (RDTSC) [s] STAT,72.0656,18.0164,18.0164,18.0164,
L3,O1,1,jik,1024,L3_O1_P1_jik_bco_1024,Runtime (RDTSC) [s] STAT,155.2200,38.8050,38.8050,38.8050,
L3,O1,1,jik,0,L3_O1_P1_jik,Runtime (RDTSC) [s] STAT,308.8964,77.2241,77.2241,77.2241,
L3,O1,1,ikj,32,L3_O1_P1_ikj_bco_32,Runtime (RDTSC) [s] STAT,45.2236,11.3059,11.3059,11.3059,
L3,O1,1,ikj,64,L3_O1_P1_ikj_bco_64,Runtime (RDTSC) [s] STAT,42.9796,10.7449,10.7449,10.7449,
L3,O1,1,kji,512,L3_O1_P1_kji_bco_512,Runtime (RDTSC) [s] STAT,153.1360,38.2840,38.2840,38.2840,
L3,O1,1,jik,2048,L3_O1_P1_jik_bco_2048,Runtime (RDTSC) [s] STAT,299.1784,74.7946,74.7946,74.7946,
L3,O1,1,kji,128,L3_O1_P1_kji_bco_128,Runtime (RDTSC) [s] STAT,79.6440,19.9110,19.9110,19.9110,
L3,O1,1,ijk,256,L3_O1_P1_ijk_bco_256,Runtime (RDTSC) [s] STAT,86.6464,21.6616,21.6616,21.6616,
L3,O1,1,jki,16,L3_O1_P1_jki_bco_16,Runtime (RDTSC) [s] STAT,56.8256,14.2064,14.2064,14.2064,
L3,O1,1,jik,16,L3_O1_P1_jik_bco_16,Runtime (RDTSC) [s] STAT,72.1788,18.0447,18.0447,18.0447,
L3,O1,1,ijk,128,L3_O1_P1_ijk_bco_128,Runtime (RDTSC) [s] STAT,84.2520,21.0630,21.0630,21.0630,
L3,O1,1,kij,128,L3_O1_P1_kij_bco_128,Runtime (RDTSC) [s] STAT,40.1656,10.0414,10.0414,10.0414,
L3,O1,1,jik,512,L3_O1_P1_jik_bco_512,Runtime (RDTSC) [s] STAT,88.8388,22.2097,22.2097,22.2097,
L3,O1,1,jki,2048,L3_O1_P1_jki_bco_2048,Runtime (RDTSC) [s] STAT,610.3392,152.5848,152.5848,152.5848,
L3,O1,1,ikj,256,L3_O1_P1_ikj_bco_256,Runtime (RDTSC) [s] STAT,37.9084,9.4771,9.4771,9.4771,
L3,O1,1,kji,16,L3_O1_P1_kji_bco_16,Runtime (RDTSC) [s] STAT,55.9492,13.9873,13.9873,13.9873,
L3,O1,1,kij,64,L3_O1_P1_kij_bco_64,Runtime (RDTSC) [s] STAT,42.8712,10.7178,10.7178,10.7178,
L3,O1,1,kij,0,L3_O1_P1_kij,Runtime (RDTSC) [s] STAT,38.4372,9.6093,9.6093,9.6093,
L3,O1,1,jki,1024,L3_O1_P1_jki_bco_1024,Runtime (RDTSC) [s] STAT,480.1560,120.0390,120.0390,120.0390,
L3,O1,1,ijk,2048,L3_O1_P1_ijk_bco_2048,Runtime (RDTSC) [s] STAT,294.3112,73.5778,73.5778,73.5778,
L3,O1,1,ijk,64,L3_O1_P1_ijk_bco_64,Runtime (RDTSC) [s] STAT,81.3212,20.3303,20.3303,20.3303,
L3,O1,1,ikj,512,L3_O1_P1_ikj_bco_512,Runtime (RDTSC) [s] STAT,37.0668,9.2667,9.2667,9.2667,
L3,O1,1,kji,32,L3_O1_P1_kji_bco_32,Runtime (RDTSC) [s] STAT,47.2508,11.8127,11.8127,11.8127,
L3,O1,1,ikj,128,L3_O1_P1_ikj_bco_128,Runtime (RDTSC) [s] STAT,39.7996,9.9499,9.9499,9.9499,
L3,O1,1,kij,32,L3_O1_P1_kij_bco_32,Runtime (RDTSC) [s] STAT,45.7508,11.4377,11.4377,11.4377,
L3,O1,1,jki,0,L3_O1_P1_jki,Runtime (RDTSC) [s] STAT,611.9732,152.9933,152.9933,152.9933,
L3,O1,1,kji,0,L3_O1_P1_kji,Runtime (RDTSC) [s] STAT,616.1332,154.0333,154.0333,154.0333,
L3,O1,1,jki,256,L3_O1_P1_jki_bco_256,Runtime (RDTSC) [s] STAT,87.5704,21.8926,21.8926,21.8926,
L3,O1,1,jik,32,L3_O1_P1_jik_bco_32,Runtime (RDTSC) [s] STAT,73.1276,18.2819,18.2819,18.2819,
L3,O1,1,ikj,16,L3_O1_P1_ikj_bco_16,Runtime (RDTSC) [s] STAT,54.1228,13.5307,13.5307,13.5307,
L3,O1,1,jki,512,L3_O1_P1_jki_bco_512,Runtime (RDTSC) [s] STAT,138.2092,34.5523,34.5523,34.5523,
L3,O1,1,kji,256,L3_O1_P1_kji_bco_256,Runtime (RDTSC) [s] STAT,90.7824,22.6956,22.6956,22.6956,
L3,O1,1,jki,64,L3_O1_P1_jki_bco_64,Runtime (RDTSC) [s] STAT,46.6124,11.6531,11.6531,11.6531,
L3,O1,1,kij,256,L3_O1_P1_kij_bco_256,Runtime (RDTSC) [s] STAT,38.1248,9.5312,9.5312,9.5312,
L3,O1,1,ikj,2048,L3_O1_P1_ikj_bco_2048,Runtime (RDTSC) [s] STAT,37.5980,9.3995,9.3995,9.3995,
L3,O1,1,ijk,0,L3_O1_P1_ijk,Runtime (RDTSC) [s] STAT,296.2752,74.0688,74.0688,74.0688,
L3,O1,1,jki,32,L3_O1_P1_jki_bco_32,Runtime (RDTSC) [s] STAT,51.4716,12.8679,12.8679,12.8679,
L3,O1,1,jki,128,L3_O1_P1_jki_bco_128,Runtime (RDTSC) [s] STAT,79.9036,19.9759,19.9759,19.9759,
L3,O1,1,kji,64,L3_O1_P1_kji_bco_64,Runtime (RDTSC) [s] STAT,46.3920,11.5980,11.5980,11.5980,
L3,O1,1,jik,128,L3_O1_P1_jik_bco_128,Runtime (RDTSC) [s] STAT,84.1444,21.0361,21.0361,21.0361,
L3,O1,1,kji,2048,L3_O1_P1_kji_bco_2048,Runtime (RDTSC) [s] STAT,605.6476,151.4119,151.4119,151.4119,
L3,O1,1,kij,16,L3_O1_P1_kij_bco_16,Runtime (RDTSC) [s] STAT,55.0444,13.7611,13.7611,13.7611,
L3,O1,1,kij,2048,L3_O1_P1_kij_bco_2048,Runtime (RDTSC) [s] STAT,38.4436,9.6109,9.6109,9.6109,
L3,O1,1,ijk,512,L3_O1_P1_ijk_bco_512,Runtime (RDTSC) [s] STAT,88.7676,22.1919,22.1919,22.1919,
L3,O1,1,kij,1024,L3_O1_P1_kij_bco_1024,Runtime (RDTSC) [s] STAT,38.6884,9.6721,9.6721,9.6721,
L3,O1,1,jik,256,L3_O1_P1_jik_bco_256,Runtime (RDTSC) [s] STAT,87.5676,21.8919,21.8919,21.8919,
L3,O1,1,ijk,32,L3_O1_P1_ijk_bco_32,Runtime (RDTSC) [s] STAT,71.3600,17.8400,17.8400,17.8400,
L3,O1,1,kij,512,L3_O1_P1_kij_bco_512,Runtime (RDTSC) [s] STAT,37.2504,9.3126,9.3126,9.3126,
L3,O1,1,kji,1024,L3_O1_P1_kji_bco_1024,Runtime (RDTSC) [s] STAT,483.5948,120.8987,120.8987,120.8987,
L3,O1,1,ikj,0,L3_O1_P1_ikj,Runtime (RDTSC) [s] STAT,37.3400,9.3350,9.3350,9.3350,
L3,O1,1,ijk,1024,L3_O1_P1_ijk_bco_1024,Runtime (RDTSC) [s] STAT,97.3056,24.3264,24.3264,24.3264,
L3,O1,1,jik,64,L3_O1_P1_jik_bco_64,Runtime (RDTSC) [s] STAT,80.5692,20.1423,20.1423,20.1423,
